deal_id,dealname,amount,dealstage,dealstage_label,pipeline,dealtype,deal_source,hubspot_owner,createdate,closedate,hs_is_closed,hs_is_closed_won,hs_date_entered_appointmentscheduled,hs_date_entered_qualifiedtobuy,hs_date_entered_presentationscheduled,hs_date_entered_decisionmakerboughtin,hs_date_entered_contractsent,hs_date_entered_closedwon,hs_date_entered_closedlost,hs_lastmodifieddate
6100000002,Nimbus Storage - New Business,80000,contractsent,Contract Sent,default,New Business,Inbound - Content,Dana Whitfield,2026-07-14 05:00:00,2026-09-18 00:00:00,false,false,2026-07-14 05:00:00,,2026-07-28 22:00:00,2026-07-31 19:00:00,2026-08-20 00:00:00,,,2026-08-20 00:00:00
6100000007,Juniper Cloud - New Business,113250,contractsent,Contract Sent,default,New Business,Outbound - SDR,Kenji Watanabe,2025-04-03 09:00:00,2026-10-23 00:00:00,false,false,2025-04-03 09:00:00,2025-04-06 20:00:00,2025-04-09 10:00:00,2025-04-12 19:00:00,2025-04-15 04:00:00,,,2025-04-15 04:00:00
6100000015,Arclight Systems - New Business,88000,closedwon,Closed Won,default,New Business,Event,Dana Whitfield,2025-03-22 14:00:00,2025-05-16 14:00:00,true,true,2025-03-22 14:00:00,2025-03-28 22:00:00,2025-04-15 02:00:00,2025-04-30 17:00:00,2025-05-03 00:00:00,2025-05-16 14:00:00,,2025-05-16 14:00:00
6100000024,Juniper Cloud - Expansion,36750,contractsent,Contract Sent,default,Expansion,Inbound - Partner Referral,Tom Bergstrom,2026-01-24 13:30:00,2026-10-24 00:00:00,false,false,2026-01-24 13:30:00,2026-02-06 19:30:00,2026-02-23 14:30:00,2026-03-02 16:30:00,2026-03-07 19:30:00,,,2026-03-07 19:30:00
6100000028,Marlowe Legal - Expansion,50750,closedlost,Closed Lost,default,Expansion,Outbound - SDR,Priya Raghunathan,2025-11-06 10:15:00,2025-11-10 21:15:00,true,false,,,,,2025-11-06 10:15:00,,2025-11-10 21:15:00,2025-11-10 21:15:00
6100000037,Saltmarsh Marine - Renewal,161000,closedlost,Closed Lost,default,Renewal,Inbound - Demo Request,Alicia Ferreira,2026-06-09 14:00:00,2026-08-29 00:00:00,true,false,2026-06-09 14:00:00,2026-06-24 22:00:00,2026-06-27 01:00:00,2026-07-15 12:00:00,2026-08-01 01:00:00,,2026-08-29 00:00:00,2026-08-29 00:00:00
6100000042,Arclight Systems - Expansion,46750,qualifiedtobuy,Qualified To Buy,default,Expansion,Inbound - Partner Referral,Kenji Watanabe,2026-01-02 08:15:00,2026-06-09 00:00:00,false,false,2026-01-02 08:15:00,2026-02-22 14:15:00,,,,,,2026-02-22 14:15:00
6100000050,Yarrow Nutrition - New Business,121000,closedlost,Closed Lost,default,New Business,Event,Kenji Watanabe,2025-05-02 11:30:00,2025-07-17 14:30:00,true,false,2025-05-02 11:30:00,2025-05-04 17:30:00,2025-05-25 09:30:00,2025-06-13 21:30:00,2025-07-02 19:30:00,,2025-07-17 14:30:00,2025-07-17 14:30:00
6100000057,Blackstone Tooling - New Business,66750,closedlost,Closed Lost,default,New Business,Outbound - SDR,Dana Whitfield,2025-03-02 17:30:00,2025-05-11 01:30:00,true,false,2025-03-02 17:30:00,2025-03-20 05:30:00,2025-03-28 05:30:00,2025-04-11 14:30:00,2025-04-20 22:30:00,,2025-05-11 01:30:00,2025-05-11 01:30:00
6100000064,Cinder Interactive - New Business,129750,contractsent,Contract Sent,default,New Business,Inbound - Content,Kenji Watanabe,2026-01-22 15:00:00,2026-09-18 00:00:00,false,false,2026-01-22 15:00:00,2026-02-01 04:00:00,2026-02-08 22:00:00,2026-02-16 06:00:00,2026-03-06 03:00:00,,,2026-03-06 03:00:00
6100000071,Ferrous Labs - Expansion,22750,closedlost,Closed Lost,default,Expansion,Outbound - SDR,Tom Bergstrom,2025-01-14 17:15:00,2025-04-02 03:15:00,true,false,2025-01-14 17:15:00,2025-01-27 08:15:00,2025-02-06 18:15:00,2025-02-21 22:15:00,2025-03-09 19:15:00,,2025-04-02 03:15:00,2025-04-02 03:15:00
6100000077,Brightpath Health - New Business,92500,closedlost,Closed Lost,default,New Business,Outbound - Founder,Priya Raghunathan,2026-06-30 16:15:00,2026-09-03 04:15:00,true,false,2026-06-30 16:15:00,2026-07-12 01:15:00,2026-07-31 01:15:00,2026-08-14 07:15:00,2026-08-22 01:15:00,,2026-09-03 04:15:00,2026-09-03 04:15:00
6100000086,Tessellate - New Business,112000,closedlost,Closed Lost,default,New Business,Event,Marcus Oyelaran,2025-04-20 14:30:00,2025-04-21 07:30:00,true,false,2025-04-20 14:30:00,2025-04-20 19:30:00,2025-04-20 20:30:00,2025-04-21 02:30:00,2025-04-21 06:30:00,,2025-04-21 07:30:00,2025-04-21 07:30:00
6100000093,Blackstone Tooling - Expansion,47000,closedlost,Closed Lost,default,Expansion,Inbound - Partner Referral,Kenji Watanabe,2025-02-16 08:45:00,2025-04-13 21:45:00,true,false,2025-02-16 08:45:00,,2025-03-02 20:45:00,2025-03-21 09:45:00,2025-04-04 02:45:00,,2025-04-13 21:45:00,2025-04-13 21:45:00
6100000101,Solvent Bio - Expansion,22000,closedlost,Closed Lost,default,Expansion,Inbound - Partner Referral,Kenji Watanabe,2025-12-04 15:00:00,2026-01-27 05:00:00,true,false,2025-12-04 15:00:00,,2025-12-09 16:00:00,2025-12-17 14:00:00,2025-12-30 03:00:00,,2026-01-27 05:00:00,2026-01-27 05:00:00
6100000107,Copperline Energy - New Business,91500,closedlost,Closed Lost,default,New Business,Inbound - Partner Referral,Priya Raghunathan,2025-03-03 11:30:00,2025-04-22 10:30:00,true,false,2025-03-03 11:30:00,2025-03-07 04:30:00,2025-03-12 23:30:00,2025-03-27 16:30:00,2025-04-03 23:30:00,,2025-04-22 10:30:00,2025-04-22 10:30:00
6100000113,Kestrel Manufacturing - New Business,71250,decisionmakerboughtin,Decision Maker Bought-In,default,New Business,Inbound - Partner Referral,Dana Whitfield,2025-12-11 11:15:00,2026-11-26 00:00:00,false,false,2025-12-11 11:15:00,,2025-12-24 16:15:00,2026-01-11 15:15:00,,,,2026-01-11 15:15:00
6100000119,Saltmarsh Marine - Renewal,,closedwon,Closed Won,default,Renewal,Inbound - Demo Request,Alicia Ferreira,2026-02-15 12:30:00,2026-03-25 20:30:00,true,true,2026-02-15 12:30:00,,2026-02-23 13:30:00,2026-02-26 13:30:00,2026-03-11 09:30:00,2026-03-25 20:30:00,,2026-03-25 20:30:00
6100000128,Redwood Telecom - New Business,121000,qualifiedtobuy,Qualified To Buy,default,New Business,Inbound - Demo Request,Kenji Watanabe,2026-03-05 15:45:00,2026-11-05 00:00:00,false,false,2026-03-05 15:45:00,2026-03-24 00:45:00,,,,,,2026-03-24 00:45:00
6100000133,Copperline Energy - Expansion,8750,closedwon,Closed Won,default,Expansion,Inbound - Content,Kenji Watanabe,2026-03-28 18:45:00,2026-05-14 06:45:00,true,true,2026-03-28 18:45:00,,2026-04-05 20:45:00,2026-04-14 15:45:00,2026-05-02 04:45:00,2026-05-14 06:45:00,,2026-05-14 06:45:00
6100000141,Ridgeline Robotics - New Business,9750,presentationscheduled,Presentation Scheduled,default,New Business,Inbound - Content,Tom Bergstrom,2025-06-25 14:00:00,2026-10-13 00:00:00,false,false,2025-06-25 14:00:00,2025-07-01 12:00:00,2025-07-17 23:00:00,,,,,2025-07-17 23:00:00
6100000147,Arclight Systems - Expansion,42500,presentationscheduled,Presentation Scheduled,default,Expansion,Outbound - Founder,Dana Whitfield,2025-12-07 09:00:00,2026-12-06 00:00:00,false,false,2025-12-07 09:00:00,2025-12-26 09:00:00,2026-01-07 15:00:00,,,,,2026-01-07 15:00:00
6100000157,Cascade Analytics - New Business,101000,closedlost,Closed Lost,default,New Business,Inbound - Demo Request,Dana Whitfield,2026-01-02 11:30:00,2026-02-21 01:30:00,true,false,2026-01-02 11:30:00,2026-01-14 02:30:00,2026-01-17 02:30:00,2026-02-05 21:30:00,2025-12-05 11:30:00,,2026-02-21 01:30:00,2026-02-21 01:30:00
6100000164,Ironwood Capital - Renewal,,closedwon,Closed Won,default,Renewal,Inbound - Demo Request,Priya Raghunathan,2026-03-26 13:45:00,2026-04-30 17:45:00,true,true,2026-03-26 13:45:00,,2026-04-04 23:45:00,2026-04-19 03:45:00,2026-04-27 06:45:00,2026-04-30 17:45:00,,2026-04-30 17:45:00
6100000169,Thornbury Group - New Business,26500,presentationscheduled,Presentation Scheduled,default,New Business,Inbound - Demo Request,Alicia Ferreira,2025-06-08 13:00:00,2026-12-11 00:00:00,false,false,2025-06-08 13:00:00,2025-07-14 02:00:00,2025-09-03 00:00:00,,,,,2025-09-03 00:00:00
6100000176,Marlowe Legal - Expansion,36500,qualifiedtobuy,Qualified To Buy,default,Expansion,Outbound - Founder,Alicia Ferreira,2025-05-18 17:45:00,2026-12-11 00:00:00,false,false,2025-05-18 17:45:00,2025-05-22 06:45:00,,,,,,2025-05-22 06:45:00
6100000182,Granite Peak Insurance - Expansion,38250,closedlost,Closed Lost,default,Expansion,Outbound - SDR,Marcus Oyelaran,2025-03-22 16:30:00,2025-04-19 16:30:00,true,false,2025-03-22 16:30:00,,2025-03-31 10:30:00,2025-04-05 21:30:00,2025-04-14 21:30:00,,2025-04-19 16:30:00,2025-04-19 16:30:00
6100000192,Redwood Telecom - Expansion,29750,closedlost,Closed Lost,default,Expansion,Inbound - Partner Referral,Marcus Oyelaran,2025-03-20 11:00:00,2025-05-05 07:00:00,true,false,2025-03-20 11:00:00,,2025-03-30 19:00:00,2025-04-10 21:00:00,2025-04-16 04:00:00,,2025-05-05 07:00:00,2025-05-05 07:00:00
6100000196,Kestrel Manufacturing - New Business,102500,contractsent,Contract Sent,default,New Business,Outbound - SDR,Dana Whitfield,2025-09-14 18:30:00,2026-12-18 00:00:00,false,false,2025-09-14 18:30:00,,2025-09-25 09:30:00,2025-09-29 08:30:00,2025-10-05 20:30:00,,,2025-10-05 20:30:00
6100000205,Quarry Digital - Expansion,50750,closedlost,Closed Lost,default,Expansion,Event,Alicia Ferreira,2026-01-23 09:15:00,2026-03-01 03:15:00,true,false,2026-01-23 09:15:00,2026-02-02 15:15:00,2026-02-13 20:15:00,2026-02-16 06:15:00,2026-02-23 08:15:00,,2026-03-01 03:15:00,2026-03-01 03:15:00
6100000211,Kestrel Manufacturing - New Business,65500,closedlost,Closed Lost,default,New Business,Inbound - Demo Request,Marcus Oyelaran,2025-05-25 15:30:00,2025-07-20 19:30:00,true,false,2025-05-25 15:30:00,,2025-06-01 12:30:00,2025-06-05 14:30:00,2025-06-24 00:30:00,,2025-07-20 19:30:00,2025-07-20 19:30:00
6100000219,Foxglove Design - New Business,0,closedwon,Closed Won,default,New Business,Inbound - Partner Referral,Marcus Oyelaran,2025-01-15 14:30:00,2025-03-11 08:30:00,true,true,2025-01-15 14:30:00,,2025-01-30 20:30:00,2025-02-03 11:30:00,2025-02-13 19:30:00,2025-03-11 08:30:00,,2025-03-11 08:30:00
6100000225,Blackstone Tooling - New Business,51250,closedlost,Closed Lost,default,New Business,Outbound - SDR,Alicia Ferreira,2025-03-20 11:00:00,2025-05-11 05:00:00,true,false,2025-03-20 11:00:00,2025-04-07 01:00:00,2025-04-27 21:00:00,2025-05-01 21:00:00,2025-05-06 18:00:00,,2025-05-11 05:00:00,2025-05-11 05:00:00
6100000233,Vantage Point Realty - Renewal,31750,closedlost,Closed Lost,default,Renewal,Outbound - SDR,Priya Raghunathan,2025-04-29 18:00:00,2025-07-25 08:00:00,true,false,2025-04-29 18:00:00,2025-05-19 17:00:00,2025-06-09 00:00:00,2025-06-12 06:00:00,2025-06-30 11:00:00,,2025-07-25 08:00:00,2025-07-25 08:00:00
6100000241,Pinnacle Staffing - New Business,89000,decisionmakerboughtin,Decision Maker Bought-In,default,New Business,Inbound - Partner Referral,Tom Bergstrom,2025-02-03 16:00:00,2026-12-02 00:00:00,false,false,2025-02-03 16:00:00,,2025-02-19 08:00:00,2025-02-24 02:00:00,,,,2025-02-24 02:00:00
6100000245,Blackstone Tooling - Expansion,32500,contractsent,Contract Sent,default,Expansion,Inbound - Demo Request,Dana Whitfield,2025-09-18 14:15:00,2026-12-29 00:00:00,false,false,,,,2025-09-18 14:15:00,2025-09-30 20:15:00,,,2025-09-30 20:15:00
6100000255,Ridgeline Robotics - New Business,79500,presentationscheduled,Presentation Scheduled,default,New Business,Inbound - Demo Request,Dana Whitfield,2025-02-04 09:30:00,2026-11-25 00:00:00,false,false,2025-02-04 09:30:00,,2025-02-25 09:30:00,,,,,2025-02-25 09:30:00
6100000259,Solvent Bio - Expansion,11000,closedwon,Closed Won,default,Expansion,Event,Dana Whitfield,2025-12-17 08:30:00,2026-02-08 04:30:00,true,true,2025-12-17 08:30:00,2025-12-25 05:30:00,2026-01-12 00:30:00,2026-01-22 02:30:00,2026-01-29 08:30:00,2026-02-08 04:30:00,,2026-02-08 04:30:00
6100000266,Zephyr Aviation - New Business,143250,closedwon,Closed Won,default,New Business,Event,Alicia Ferreira,2026-06-07 14:45:00,2026-07-16 15:45:00,true,true,,,2026-06-07 14:45:00,2026-06-28 07:45:00,2026-07-04 15:45:00,2026-07-16 15:45:00,,2026-07-16 15:45:00
6100000274,Lumen Diagnostics - New Business,98750,closedwon,Closed Won,default,New Business,Inbound - Content,Kenji Watanabe,2025-06-15 14:00:00,2025-08-04 17:00:00,true,true,2025-06-15 14:00:00,,2025-07-04 16:00:00,2025-07-11 02:00:00,2025-07-21 19:00:00,2025-08-04 17:00:00,,2025-08-04 17:00:00
6100000282,Anvil Retail - Expansion,17000,contractsent,Contract Sent,default,Expansion,Event,Dana Whitfield,2025-10-13 14:45:00,2026-12-18 00:00:00,false,false,,,,,2025-10-13 14:45:00,,,2025-10-13 14:45:00
6100000288,Meridian Freight - Expansion,48500,closedlost,Closed Lost,default,Expansion,Inbound - Demo Request,Kenji Watanabe,2025-02-18 11:00:00,2025-04-22 09:00:00,true,false,2025-02-18 11:00:00,2025-03-01 16:00:00,2025-03-08 17:00:00,2025-03-18 06:00:00,2025-03-25 10:00:00,,2025-04-22 09:00:00,2025-04-22 09:00:00
6100000297,Copperline Energy - Expansion,18750,closedlost,Closed Lost,default,Expansion,Inbound - Content,Kenji Watanabe,2025-04-27 13:30:00,2025-06-28 00:30:00,true,false,2025-04-27 13:30:00,2025-05-09 19:30:00,2025-05-27 01:30:00,2025-06-10 00:30:00,2025-06-17 22:30:00,,2025-06-28 00:30:00,2025-06-28 00:30:00
6100000304,Dovetail HR - Expansion,59000,closedlost,Closed Lost,default,Expansion,Inbound - Partner Referral,Alicia Ferreira,2026-06-01 17:45:00,2026-07-27 09:45:00,true,false,2026-06-01 17:45:00,2026-06-08 17:45:00,2026-06-29 03:45:00,2026-07-04 02:45:00,2026-07-07 13:45:00,,2026-07-27 09:45:00,2026-07-27 09:45:00
6100000308,Meridian Freight - New Business,87750,closedwon,Closed Won,default,New Business,Inbound - Demo Request,Kenji Watanabe,2025-06-19 13:15:00,2025-06-20 04:15:00,true,true,2025-06-19 13:15:00,2025-06-19 14:15:00,2025-06-19 17:15:00,2025-06-19 20:15:00,2025-06-20 02:15:00,2025-06-20 04:15:00,,2025-06-20 04:15:00
6100000315,Kestrel Manufacturing - New Business,61000,closedwon,Closed Won,default,New Business,Outbound - SDR,Dana Whitfield,2026-05-09 10:30:00,2026-07-05 22:30:00,true,true,2026-05-09 10:30:00,,2026-05-25 18:30:00,2026-06-12 18:30:00,2026-06-15 19:30:00,2026-07-05 22:30:00,,2026-07-05 22:30:00
6100000322,Vantage Point Realty - Expansion,14000,presentationscheduled,Presentation Scheduled,default,Expansion,Outbound - Founder,Kenji Watanabe,2026-05-04 10:00:00,2026-12-28 00:00:00,false,false,2026-05-04 10:00:00,2026-05-18 16:00:00,2026-06-01 03:00:00,,,,,2026-06-01 03:00:00
6100000330,Anvil Retail - Renewal,32500,presentationscheduled,Presentation Scheduled,default,Renewal,Outbound - SDR,Tom Bergstrom,2025-06-03 13:45:00,2026-03-21 00:00:00,false,false,2025-06-03 13:45:00,2025-07-22 13:45:00,2025-08-09 13:45:00,,,,,2025-08-09 13:45:00
6100000336,Yarrow Nutrition - Expansion,14000,closedwon,Closed Won,default,Expansion,Inbound - Partner Referral,Dana Whitfield,2025-01-09 16:30:00,2025-03-01 13:30:00,true,true,2025-01-09 16:30:00,2025-01-29 04:30:00,2025-02-08 14:30:00,2025-02-14 03:30:00,2025-02-21 20:30:00,2025-03-01 13:30:00,,2025-03-01 13:30:00
6100000345,Blackstone Tooling - New Business,39000,closedlost,Closed Lost,default,New Business,Outbound - SDR,Priya Raghunathan,2025-09-07 14:00:00,2025-11-08 08:00:00,true,false,2025-09-07 14:00:00,2025-09-10 08:00:00,2025-09-13 03:00:00,2025-10-04 00:00:00,2025-10-16 23:00:00,,2025-11-08 08:00:00,2025-11-08 08:00:00
6100000353,Yarrow Nutrition - New Business,50500,closedlost,Closed Lost,default,New Business,Inbound - Content,Priya Raghunathan,2025-01-21 16:15:00,2025-03-19 22:15:00,true,false,2025-01-21 16:15:00,2025-02-08 04:15:00,2025-02-17 10:15:00,2025-03-06 06:15:00,2025-03-13 11:15:00,,2025-03-19 22:15:00,2025-03-19 22:15:00
6100000357,Vantage Point Realty - Expansion,9500,closedlost,Closed Lost,default,Expansion,Outbound - SDR,Marcus Oyelaran,2025-09-23 12:30:00,2025-11-27 17:30:00,true,false,2025-09-23 12:30:00,2025-10-01 15:30:00,2025-10-13 02:30:00,2025-11-02 17:30:00,2025-11-06 01:30:00,,2025-11-27 17:30:00,2025-11-27 17:30:00
6100000367,Ironwood Capital - New Business,143000,closedlost,Closed Lost,default,New Business,Outbound - Founder,Tom Bergstrom,2025-10-04 10:00:00,2025-12-30 09:00:00,true,false,2025-10-04 10:00:00,2025-10-20 20:00:00,2025-11-09 08:00:00,2025-11-27 19:00:00,2025-12-04 12:00:00,,2025-12-30 09:00:00,2025-12-30 09:00:00
6100000374,Cinder Interactive - New Business,39000,closedlost,Closed Lost,default,New Business,Inbound - Demo Request,Tom Bergstrom,2026-04-30 06:00:00,2026-08-04 00:00:00,true,false,2026-04-30 06:00:00,2026-05-12 12:00:00,2026-06-01 07:00:00,2026-06-19 17:00:00,2026-07-10 10:00:00,,2026-08-04 00:00:00,2026-08-04 00:00:00
6100000379,Pinnacle Staffing - New Business,86500,closedwon,Closed Won,default,New Business,Event,Dana Whitfield,2025-12-29 17:15:00,2026-03-13 16:15:00,true,true,2025-12-29 17:15:00,2026-01-05 00:15:00,2026-01-20 22:15:00,2026-02-06 00:15:00,2026-02-25 16:15:00,2026-03-13 16:15:00,,2026-03-13 16:15:00
6100000385,Pinnacle Staffing - New Business,30750,closedlost,Closed Lost,default,New Business,Outbound - SDR,Priya Raghunathan,2025-07-29 18:15:00,2025-08-29 18:15:00,true,false,2025-07-29 18:15:00,2025-08-09 09:15:00,2025-08-13 04:15:00,2025-08-15 16:15:00,2025-08-21 03:15:00,,2025-08-29 18:15:00,2025-08-29 18:15:00
6100000395,Harborview Media - Expansion,20500,closedlost,Closed Lost,default,Expansion,Outbound - Founder,Marcus Oyelaran,2025-07-09 15:30:00,2025-08-14 12:30:00,true,false,2025-07-09 15:30:00,2025-07-16 05:30:00,2025-08-04 12:30:00,2025-08-06 20:30:00,2025-08-09 07:30:00,,2025-08-14 12:30:00,2025-08-14 12:30:00
6100000402,Pinnacle Staffing - Expansion,30000,decisionmakerboughtin,Decision Maker Bought-In,default,Expansion,Outbound - Founder,Alicia Ferreira,2026-04-27 00:00:00,2026-05-25 00:00:00,false,false,2026-04-27 00:00:00,2026-05-25 14:00:00,2026-07-12 00:00:00,2026-08-07 00:00:00,,,,2026-08-07 00:00:00
6100000406,Ironwood Capital - New Business,83000,closedlost,Closed Lost,default,New Business,Inbound - Content,Kenji Watanabe,2025-11-09 09:30:00,2026-01-15 14:30:00,true,false,2025-11-09 09:30:00,2025-11-16 07:30:00,2025-12-04 23:30:00,2025-12-12 22:30:00,2025-12-18 07:30:00,,2026-01-15 14:30:00,2026-01-15 14:30:00
6100000416,Redwood Telecom - Expansion,41000,closedwon,Closed Won,default,Expansion,Inbound - Partner Referral,Kenji Watanabe,2025-10-15 11:00:00,2025-12-09 11:00:00,true,true,2025-10-15 11:00:00,,2025-10-25 23:00:00,2025-11-05 21:00:00,2025-11-09 20:00:00,2025-12-09 11:00:00,,2025-12-09 11:00:00
6100000421,Thornbury Group - New Business,106750,closedwon,Closed Won,default,New Business,Inbound - Partner Referral,Tom Bergstrom,2026-07-21 15:45:00,2026-09-07 17:45:00,true,true,2026-07-21 15:45:00,,2026-07-30 23:45:00,2026-08-10 11:45:00,2026-08-16 22:45:00,2026-09-07 17:45:00,,2026-09-07 17:45:00
6100000430,Thornbury Group - Renewal,110000,closedwon,Closed Won,default,Renewal,Outbound - SDR,Alicia Ferreira,2025-11-02 16:00:00,2025-12-11 05:00:00,true,true,2025-11-02 16:00:00,2025-11-04 19:00:00,2025-11-07 01:00:00,2025-11-09 13:00:00,2025-11-26 16:00:00,2025-12-11 05:00:00,,2025-12-11 05:00:00
6100000434,Foxglove Design - New Business,117500,decisionmakerboughtin,Decision Maker Bought-In,default,New Business,Outbound - Founder,Dana Whitfield,2026-05-26 19:00:00,2026-07-10 00:00:00,false,false,2026-05-26 19:00:00,2026-07-09 21:00:00,2026-08-05 00:00:00,2026-08-29 00:00:00,,,,2026-08-29 00:00:00
6100000443,Granite Peak Insurance - New Business,9000,closedwon,Closed Won,default,New Business,Outbound - Founder,Priya Raghunathan,2026-03-13 13:00:00,2026-05-25 14:00:00,true,true,2026-03-13 13:00:00,2026-03-27 22:00:00,2026-04-16 00:00:00,2026-04-26 19:00:00,2026-04-29 21:00:00,2026-05-25 14:00:00,,2026-05-25 14:00:00
6100000450,Quarry Digital - New Business,73750,closedlost,Closed Lost,default,New Business,Inbound - Content,Tom Bergstrom,2025-12-05 16:00:00,2026-02-12 00:00:00,true,false,2025-12-05 16:00:00,2025-12-19 06:00:00,2026-01-05 09:00:00,2026-01-15 23:00:00,2026-02-04 02:00:00,,2026-02-12 00:00:00,2026-02-12 00:00:00
6100000457,Dunmore Textiles - Expansion,13000,presentationscheduled,Presentation Scheduled,default,Expansion,Inbound - Demo Request,Kenji Watanabe,2025-02-06 15:00:00,2026-10-28 00:00:00,false,false,2025-02-06 15:00:00,,2025-02-20 02:00:00,,,,,2025-02-20 02:00:00
6100000464,Harborview Media - Expansion,57500,closedlost,Closed Lost,default,Expansion,Inbound - Partner Referral,Dana Whitfield,2025-06-30 08:00:00,2025-08-06 01:00:00,true,false,2025-06-30 08:00:00,,2025-07-05 21:00:00,2025-07-14 16:00:00,2025-07-31 15:00:00,,2025-08-06 01:00:00,2025-08-06 01:00:00
6100000470,Tessellate - New Business,15500,closedlost,Closed Lost,default,New Business,Outbound - SDR,Marcus Oyelaran,2026-07-19 12:15:00,2026-08-28 18:15:00,true,false,2026-07-19 12:15:00,,2026-07-23 03:15:00,2026-08-07 17:15:00,2026-08-13 04:15:00,,2026-08-28 18:15:00,2026-08-28 18:15:00
6100000479,Meridian Freight - Expansion,32000,closedlost,Closed Lost,default,Expansion,Inbound - Demo Request,Marcus Oyelaran,2025-06-13 17:45:00,2025-08-23 23:45:00,true,false,2025-06-13 17:45:00,2025-07-01 18:45:00,2025-07-19 06:45:00,2025-07-31 04:45:00,2025-08-12 09:45:00,,2025-08-23 23:45:00,2025-08-23 23:45:00
6100000483,Arclight Systems - New Business,126000,closedlost,Closed Lost,default,New Business,Inbound - Partner Referral,Kenji Watanabe,2025-04-13 18:45:00,2025-06-21 01:45:00,true,false,2025-04-13 18:45:00,,2025-05-02 19:45:00,2025-05-17 05:45:00,2025-06-01 07:45:00,,2025-06-21 01:45:00,2025-06-21 01:45:00
6100000493,Ridgeline Robotics - New Business,33250,closedlost,Closed Lost,default,New Business,Outbound - Founder,Tom Bergstrom,2025-12-13 13:30:00,2026-02-13 09:30:00,true,false,2025-12-13 13:30:00,2025-12-30 01:30:00,2026-01-02 10:30:00,2026-01-17 22:30:00,2026-02-06 22:30:00,,2026-02-13 09:30:00,2026-02-13 09:30:00
6100000499,Thornbury Group - New Business,14250,contractsent,Contract Sent,default,New Business,Outbound - SDR,Kenji Watanabe,2026-03-20 09:45:00,2026-10-05 00:00:00,false,false,,,,,2026-03-20 09:45:00,,,2026-03-20 09:45:00
6100000504,Pinnacle Staffing - New Business,63750,closedlost,Closed Lost,default,New Business,Outbound - SDR,Tom Bergstrom,2025-04-04 17:15:00,2025-06-20 22:15:00,true,false,2025-04-04 17:15:00,2025-04-12 10:15:00,2025-04-29 10:15:00,2025-05-20 07:15:00,2025-05-24 00:15:00,,2025-06-20 22:15:00,2025-06-20 22:15:00
6100000511,Oakhurst Foods - New Business,15000,closedlost,Closed Lost,default,New Business,Outbound - SDR,Kenji Watanabe,2025-06-14 18:00:00,2025-06-15 14:00:00,true,false,2025-06-14 18:00:00,2025-06-14 23:00:00,2025-06-15 05:00:00,2025-06-15 07:00:00,2025-06-15 10:00:00,,2025-06-15 14:00:00,2025-06-15 14:00:00
6100000519,Westfall Automotive - New Business,67500,closedwon,Closed Won,default,New Business,Inbound - Partner Referral,Kenji Watanabe,2026-04-23 08:15:00,2026-07-05 23:15:00,true,true,2026-04-23 08:15:00,,2026-05-09 16:15:00,2026-05-28 04:15:00,2026-06-07 16:15:00,2026-07-05 23:15:00,,2026-07-05 23:15:00
6100000527,Dovetail HR - New Business,107000,decisionmakerboughtin,Decision Maker Bought-In,default,New Business,Inbound - Content,Marcus Oyelaran,2025-12-27 11:45:00,2026-03-09 00:00:00,false,false,2025-12-27 11:45:00,2026-02-04 00:45:00,2026-03-04 01:45:00,2026-04-22 11:45:00,,,,2026-04-22 11:45:00
6100000534,Umbra Security - New Business,123000,closedlost,Closed Lost,default,New Business,Inbound - Demo Request,Dana Whitfield,2025-04-04 12:15:00,2025-05-30 11:15:00,true,false,2025-04-04 12:15:00,,2025-04-08 09:15:00,2025-04-25 23:15:00,2025-05-07 19:15:00,,2025-05-30 11:15:00,2025-05-30 11:15:00
6100000540,Xylem Networks - New Business,17000,closedlost,Closed Lost,default,New Business,Inbound - Demo Request,Kenji Watanabe,2025-11-10 14:30:00,2026-01-13 21:30:00,true,false,2025-11-10 14:30:00,,2025-11-24 23:30:00,2025-11-29 17:30:00,2025-12-18 06:30:00,,2026-01-13 21:30:00,2026-01-13 21:30:00
6100000549,Ferrous Labs - New Business,20250,closedwon,Closed Won,default,New Business,Inbound - Demo Request,Kenji Watanabe,2025-07-15 14:45:00,2025-08-22 13:45:00,true,true,,,2025-07-15 14:45:00,2025-07-25 10:45:00,2025-08-01 01:45:00,2025-08-22 13:45:00,,2025-08-22 13:45:00
6100000555,Ridgeline Robotics - Expansion,12500,closedwon,Closed Won,default,Expansion,Inbound - Demo Request,Dana Whitfield,2026-06-10 08:30:00,2026-07-05 10:30:00,true,true,,,,,2026-06-10 08:30:00,2026-07-05 10:30:00,,2026-07-05 10:30:00
6100000560,Redwood Telecom - New Business,115000,closedlost,Closed Lost,default,New Business,Inbound - Partner Referral,Kenji Watanabe,2026-07-17 08:45:00,2026-08-30 09:45:00,true,false,2026-07-17 08:45:00,,2026-08-02 02:45:00,2026-08-12 08:45:00,2026-08-18 03:45:00,,2026-08-30 09:45:00,2026-08-30 09:45:00
6100000567,Arclight Systems - Expansion,40750,closedlost,Closed Lost,default,Expansion,Inbound - Demo Request,Tom Bergstrom,2026-06-28 20:00:00,2026-08-29 00:00:00,true,false,2026-06-28 20:00:00,2026-07-14 21:00:00,2026-07-21 03:00:00,2026-08-04 20:00:00,2026-08-23 23:00:00,,2026-08-29 00:00:00,2026-08-29 00:00:00
6100000574,Redwood Telecom - New Business,43500,closedlost,Closed Lost,default,New Business,Inbound - Content,Priya Raghunathan,2025-05-08 10:00:00,2025-07-14 01:00:00,true,false,2025-05-08 10:00:00,2025-05-11 15:00:00,2025-05-19 14:00:00,2025-06-01 09:00:00,2025-06-21 10:00:00,,2025-07-14 01:00:00,2025-07-14 01:00:00
6100000581,Granite Peak Insurance - New Business,45750,closedlost,Closed Lost,default,New Business,Inbound - Demo Request,Alicia Ferreira,2025-04-19 09:00:00,2025-06-19 20:00:00,true,false,2025-04-19 09:00:00,2025-04-24 18:00:00,2025-05-07 17:00:00,2025-05-26 00:00:00,2025-05-29 08:00:00,,2025-06-19 20:00:00,2025-06-19 20:00:00
6100000589,Oakhurst Foods - New Business,104500,closedlost,Closed Lost,default,New Business,Outbound - Founder,Tom Bergstrom,2025-11-04 08:15:00,2025-12-10 18:15:00,true,false,,,,2025-11-04 08:15:00,2025-11-12 02:15:00,,2025-12-10 18:15:00,2025-12-10 18:15:00
6100000598,Thornbury Group - New Business,37500,qualifiedtobuy,Qualified To Buy,default,New Business,Inbound - Content,Kenji Watanabe,2025-07-11 10:15:00,2026-12-20 00:00:00,false,false,2025-07-11 10:15:00,2025-07-24 08:15:00,,,,,,2025-07-24 08:15:00
6100000602,Thornbury Group - Renewal,101250,closedlost,Closed Lost,default,Renewal,Outbound - SDR,Kenji Watanabe,2025-02-10 11:15:00,2025-03-22 05:15:00,true,false,2025-02-10 11:15:00,,2025-02-13 01:15:00,2025-02-22 01:15:00,2025-03-13 16:15:00,,2025-03-22 05:15:00,2025-03-22 05:15:00
6100000612,Dovetail HR - New Business,26500,decisionmakerboughtin,Decision Maker Bought-In,default,New Business,Outbound - SDR,Tom Bergstrom,2025-12-25 11:30:00,2026-12-27 00:00:00,false,false,2025-12-25 11:30:00,2026-01-13 13:30:00,2026-02-01 15:30:00,2026-02-18 04:30:00,,,,2026-02-18 04:30:00
6100000616,Anvil Retail - New Business,121750,closedlost,Closed Lost,default,New Business,Outbound - SDR,Alicia Ferreira,2025-10-01 18:00:00,2025-12-14 18:00:00,true,false,2025-10-01 18:00:00,2025-10-07 22:00:00,2025-10-22 15:00:00,2025-11-03 06:00:00,2025-11-17 17:00:00,,2025-12-14 18:00:00,2025-12-14 18:00:00
6100000624,Quillon Software - Renewal,76000,closedlost,Closed Lost,default,Renewal,Outbound - SDR,Dana Whitfield,2026-02-08 08:00:00,2026-03-20 16:00:00,true,false,2026-02-08 08:00:00,,2026-02-13 01:00:00,2026-02-25 06:00:00,2026-03-10 11:00:00,,2026-03-20 16:00:00,2026-03-20 16:00:00
6100000633,Tessellate - Renewal,68000,closedlost,Closed Lost,default,Renewal,Inbound - Partner Referral,Kenji Watanabe,2026-06-04 02:00:00,2026-08-22 00:00:00,true,false,2026-06-04 02:00:00,2026-06-24 13:00:00,2026-07-26 03:00:00,2026-07-15 00:00:00,2026-08-02 18:00:00,,2026-08-22 00:00:00,2026-08-22 00:00:00
6100000637,Harborview Media - New Business,56000,closedlost,Closed Lost,default,New Business,Event,Tom Bergstrom,2025-09-12 10:30:00,2025-11-09 16:30:00,true,false,2025-09-12 10:30:00,2025-10-01 20:30:00,2025-08-19 10:30:00,2025-10-29 09:30:00,2025-11-05 14:30:00,,2025-11-09 16:30:00,2025-11-09 16:30:00
6100000647,Westfall Automotive - New Business,37750,closedlost,Closed Lost,default,New Business,Inbound - Content,Kenji Watanabe,2026-04-28 09:30:00,2026-07-07 01:30:00,true,false,2026-04-28 09:30:00,2026-05-09 23:30:00,2026-05-13 12:30:00,2026-05-27 01:30:00,2026-04-25 09:30:00,,2026-07-07 01:30:00,2026-07-07 01:30:00
6100000653,Copperline Energy - New Business,19750,appointmentscheduled,Appointment Scheduled,default,New Business,Event,Kenji Watanabe,2026-02-04 10:15:00,2026-12-07 00:00:00,false,false,2026-02-04 10:15:00,,,,,,,2026-02-04 10:15:00
6100000661,Pinnacle Staffing - New Business,83500,closedwon,Closed Won,default,New Business,Inbound - Partner Referral,Kenji Watanabe,2025-09-17 08:30:00,2025-11-18 17:30:00,true,true,2025-09-17 08:30:00,,2025-09-22 06:30:00,2025-10-04 11:30:00,2025-10-20 11:30:00,2025-11-18 17:30:00,,2025-11-18 17:30:00
6100000668,Harborview Media - New Business,17750,presentationscheduled,Presentation Scheduled,default,New Business,Event,Kenji Watanabe,2025-05-22 08:00:00,2026-04-26 00:00:00,false,false,2025-05-22 08:00:00,2025-06-13 23:00:00,2025-07-07 13:00:00,,,,,2025-07-07 13:00:00
6100000675,Juniper Cloud - Renewal,152750,closedlost,Closed Lost,default,Renewal,Event,Dana Whitfield,2025-08-31 08:00:00,2025-10-12 15:00:00,true,false,2025-08-31 08:00:00,2025-09-13 23:00:00,2025-09-16 15:00:00,2025-09-25 18:00:00,2025-10-01 04:00:00,,2025-10-12 15:00:00,2025-10-12 15:00:00
6100000682,Vantage Point Realty - New Business,61250,closedlost,Closed Lost,default,New Business,Outbound - Founder,Tom Bergstrom,2025-03-13 14:45:00,2025-05-05 11:45:00,true,false,2025-03-13 14:45:00,2025-03-26 06:45:00,2025-03-29 09:45:00,2025-04-04 10:45:00,2025-04-22 03:45:00,,2025-05-05 11:45:00,2025-05-05 11:45:00
6100000687,Quillon Software - New Business,35000,presentationscheduled,Presentation Scheduled,default,New Business,Outbound - Founder,Marcus Oyelaran,2026-01-27 14:00:00,2026-04-02 00:00:00,false,false,2026-01-27 14:00:00,2026-03-04 16:00:00,2026-04-09 19:00:00,,,,,2026-04-09 19:00:00
6100000696,Halcyon Devices - Expansion,7000,closedlost,Closed Lost,default,Expansion,Inbound - Partner Referral,Kenji Watanabe,2025-03-04 08:45:00,2025-04-15 21:45:00,true,false,2025-03-04 08:45:00,,2025-03-16 03:45:00,2025-03-29 03:45:00,2025-04-06 18:45:00,,2025-04-15 21:45:00,2025-04-15 21:45:00
6100000702,Nimbus Storage - Renewal,124750,closedwon,Closed Won,default,Renewal,Inbound - Partner Referral,Marcus Oyelaran,2025-12-20 16:45:00,2026-02-03 00:45:00,true,true,,,,2025-12-20 16:45:00,2026-01-08 21:45:00,2026-02-03 00:45:00,,2026-02-03 00:45:00
6100000709,Kestrel Manufacturing - New Business,23750,qualifiedtobuy,Qualified To Buy,default,New Business,Inbound - Partner Referral,Kenji Watanabe,2025-02-12 18:00:00,2026-12-27 00:00:00,false,false,2025-02-12 18:00:00,2025-02-26 02:00:00,,,,,,2025-02-26 02:00:00
6100000714,Vantage Point Realty - New Business,21500,appointmentscheduled,Appointment Scheduled,default,New Business,Event,Tom Bergstrom,2025-10-09 09:45:00,2026-12-30 00:00:00,false,false,2025-10-09 09:45:00,,,,,,,2025-10-09 09:45:00
6100000723,Copperline Energy - New Business,79750,closedwon,Closed Won,default,New Business,Event,Kenji Watanabe,2025-06-01 16:30:00,2025-06-06 07:30:00,true,true,,,,,2025-06-01 16:30:00,2025-06-06 07:30:00,,2025-06-06 07:30:00
6100000731,Westfall Automotive - New Business,44750,contractsent,Contract Sent,default,New Business,Outbound - SDR,Priya Raghunathan,2025-01-14 10:00:00,2026-11-18 00:00:00,false,false,2025-01-14 10:00:00,2025-01-22 17:00:00,2025-02-02 05:00:00,2025-02-09 00:00:00,2025-02-20 07:00:00,,,2025-02-20 07:00:00
6100000735,Granite Peak Insurance - New Business,136000,presentationscheduled,Presentation Scheduled,default,New Business,Inbound - Partner Referral,Kenji Watanabe,2025-02-10 18:00:00,2026-12-05 00:00:00,false,false,2025-02-10 18:00:00,,2025-02-22 08:00:00,,,,,2025-02-22 08:00:00
6100000745,Westfall Automotive - Expansion,23250,closedwon,Closed Won,default,Expansion,Inbound - Partner Referral,Dana Whitfield,2025-05-29 10:30:00,2025-07-08 00:30:00,true,true,2025-05-29 10:30:00,,2025-06-15 06:30:00,2025-06-25 08:30:00,2025-07-03 09:30:00,2025-07-08 00:30:00,,2025-07-08 00:30:00
6100000752,Anvil Retail - Renewal,121250,closedwon,Closed Won,default,Renewal,Outbound - Founder,Alicia Ferreira,2025-09-20 11:15:00,2025-12-10 18:15:00,true,true,2025-09-20 11:15:00,2025-10-08 12:15:00,2025-10-17 23:15:00,2025-11-05 22:15:00,2025-11-12 14:15:00,2025-12-10 18:15:00,,2025-12-10 18:15:00
6100000759,Ridgeline Robotics - New Business,35500,closedlost,Closed Lost,default,New Business,Outbound - Founder,Marcus Oyelaran,2025-08-18 15:15:00,2025-10-05 01:15:00,true,false,2025-08-18 15:15:00,2025-08-28 16:15:00,2025-09-09 01:15:00,2025-09-18 13:15:00,2025-09-30 00:15:00,,2025-10-05 01:15:00,2025-10-05 01:15:00
6100000763,Umbra Security - Renewal,104500,closedlost,Closed Lost,default,Renewal,Inbound - Content,Dana Whitfield,2025-07-19 18:15:00,2025-09-23 09:15:00,true,false,2025-07-19 18:15:00,2025-08-09 00:15:00,2025-08-24 02:15:00,2025-08-31 11:15:00,2025-09-04 05:15:00,,2025-09-23 09:15:00,2025-09-23 09:15:00
6100000772,Yarrow Nutrition - Renewal,109500,closedlost,Closed Lost,default,Renewal,Outbound - SDR,Alicia Ferreira,2025-06-20 17:30:00,2025-09-09 05:30:00,true,false,2025-06-20 17:30:00,2025-07-07 10:30:00,2025-07-27 14:30:00,2025-08-01 16:30:00,2025-08-15 21:30:00,,2025-09-09 05:30:00,2025-09-09 05:30:00
6100000779,Nimbus Storage - Expansion,38000,closedlost,Closed Lost,default,Expansion,Inbound - Partner Referral,Kenji Watanabe,2025-06-09 08:30:00,2025-07-21 05:30:00,true,false,2025-06-09 08:30:00,,2025-06-15 22:30:00,2025-06-30 17:30:00,2025-07-08 01:30:00,,2025-07-21 05:30:00,2025-07-21 05:30:00
6100000787,Solvent Bio - New Business,133500,closedlost,Closed Lost,default,New Business,Inbound - Demo Request,Priya Raghunathan,2025-02-20 13:30:00,2025-04-21 19:30:00,true,false,2025-02-20 13:30:00,2025-03-13 07:30:00,2025-04-01 14:30:00,2025-04-05 21:30:00,2025-04-12 04:30:00,,2025-04-21 19:30:00,2025-04-21 19:30:00
6100000791,Thornbury Group - Renewal,112000,closedlost,Closed Lost,default,Renewal,Outbound - SDR,Tom Bergstrom,2025-08-01 16:45:00,2025-09-25 11:45:00,true,false,2025-08-01 16:45:00,2025-08-11 21:45:00,2025-08-19 19:45:00,2025-08-27 01:45:00,2025-09-03 06:45:00,,2025-09-25 11:45:00,2025-09-25 11:45:00
6100000801,Yarrow Nutrition - Renewal,84750,qualifiedtobuy,Qualified To Buy,default,Renewal,Inbound - Content,Priya Raghunathan,2026-05-07 14:45:00,2026-05-17 00:00:00,false,false,2026-05-07 14:45:00,2026-06-14 09:45:00,,,,,,2026-06-14 09:45:00
6100000806,Tessellate - New Business,9750,closedwon,Closed Won,default,New Business,Inbound - Content,Kenji Watanabe,2025-08-18 16:15:00,2025-10-22 23:15:00,true,true,2025-08-18 16:15:00,,2025-09-06 07:15:00,2025-09-14 17:15:00,2025-09-24 19:15:00,2025-10-22 23:15:00,,2025-10-22 23:15:00
6100000814,Xylem Networks - Expansion,44250,closedlost,Closed Lost,default,Expansion,Event,Marcus Oyelaran,2026-05-08 16:00:00,2026-07-04 21:00:00,true,false,2026-05-08 16:00:00,2026-05-27 07:00:00,2026-06-08 00:00:00,2026-06-14 21:00:00,2026-06-29 08:00:00,,2026-07-04 21:00:00,2026-07-04 21:00:00
6100000821,Yarrow Nutrition - New Business,47000,closedlost,Closed Lost,default,New Business,Outbound - SDR,Dana Whitfield,2026-06-23 07:00:00,2026-08-19 00:00:00,true,false,2026-06-23 07:00:00,2026-07-12 21:00:00,2026-07-24 17:00:00,2026-07-30 04:00:00,2026-08-01 05:00:00,,2026-08-19 00:00:00,2026-08-19 00:00:00
6100000827,Umbra Security - New Business,63750,closedwon,Closed Won,default,New Business,Inbound - Demo Request,Dana Whitfield,2026-02-22 11:15:00,2026-02-23 08:15:00,true,true,2026-02-22 11:15:00,2026-02-22 14:15:00,2026-02-22 20:15:00,2026-02-23 02:15:00,2026-02-23 06:15:00,2026-02-23 08:15:00,,2026-02-23 08:15:00
6100000834,Ember Financial - New Business,36000,closedlost,Closed Lost,default,New Business,Outbound - Founder,Kenji Watanabe,2025-07-23 12:45:00,2025-09-06 19:45:00,true,false,2025-07-23 12:45:00,,2025-07-31 08:45:00,2025-08-12 07:45:00,2025-08-29 17:45:00,,2025-09-06 19:45:00,2025-09-06 19:45:00
6100000842,Copperline Energy - New Business,10500,closedlost,Closed Lost,default,New Business,Inbound - Content,Marcus Oyelaran,2026-06-19 21:00:00,2026-08-08 00:00:00,true,false,,,2026-06-19 21:00:00,2026-06-24 00:00:00,2026-07-14 21:00:00,,2026-08-08 00:00:00,2026-08-08 00:00:00
6100000847,Yarrow Nutrition - New Business,37000,qualifiedtobuy,Qualified To Buy,default,New Business,Inbound - Demo Request,Tom Bergstrom,2025-07-29 09:45:00,2026-04-26 00:00:00,false,false,2025-07-29 09:45:00,2025-08-20 04:45:00,,,,,,2025-08-20 04:45:00
6100000856,Pinnacle Staffing - New Business,36500,closedlost,Closed Lost,default,New Business,Outbound - SDR,Marcus Oyelaran,2025-09-16 14:30:00,2025-09-17 08:30:00,true,false,2025-09-16 14:30:00,2025-09-16 20:30:00,2025-09-16 23:30:00,2025-09-17 02:30:00,2025-09-17 07:30:00,,2025-09-17 08:30:00,2025-09-17 08:30:00
6100000863,Tessellate - New Business,140500,closedlost,Closed Lost,default,New Business,Inbound - Partner Referral,Tom Bergstrom,2026-01-21 15:15:00,2026-02-25 06:15:00,true,false,,,2026-01-21 15:15:00,2026-02-07 17:15:00,2026-02-10 18:15:00,,2026-02-25 06:15:00,2026-02-25 06:15:00
6100000868,Umbra Security - Expansion,15000,closedlost,Closed Lost,default,Expansion,Inbound - Demo Request,Tom Bergstrom,2025-06-29 10:30:00,2025-08-27 10:30:00,true,false,2025-06-29 10:30:00,2025-07-02 20:30:00,2025-07-07 20:30:00,2025-07-28 00:30:00,2025-08-11 21:30:00,,2025-08-27 10:30:00,2025-08-27 10:30:00
6100000877,Redwood Telecom - New Business,134750,decisionmakerboughtin,Decision Maker Bought-In,default,New Business,Outbound - SDR,Dana Whitfield,2026-07-10 16:45:00,2026-10-27 00:00:00,false,false,2026-07-10 16:45:00,,2026-07-25 17:45:00,2026-07-28 07:45:00,,,,2026-07-28 07:45:00
6100000882,Meridian Freight - New Business,70250,closedlost,Closed Lost,default,New Business,Outbound - Founder,Priya Raghunathan,2025-03-07 08:00:00,2025-05-12 01:00:00,true,false,2025-03-07 08:00:00,2025-03-14 14:00:00,2025-03-20 16:00:00,2025-04-05 12:00:00,2025-04-21 11:00:00,,2025-05-12 01:00:00,2025-05-12 01:00:00
6100000889,Anvil Retail - Expansion,53000,closedlost,Closed Lost,default,Expansion,Inbound - Demo Request,Dana Whitfield,2025-07-30 12:00:00,2025-09-25 17:00:00,true,false,2025-07-30 12:00:00,2025-08-02 19:00:00,2025-08-07 19:00:00,2025-08-24 23:00:00,2025-08-31 00:00:00,,2025-09-25 17:00:00,2025-09-25 17:00:00
6100000897,Dunmore Textiles - New Business,36500,closedlost,Closed Lost,default,New Business,Inbound - Partner Referral,Dana Whitfield,2025-08-04 11:00:00,2025-09-26 09:00:00,true,false,2025-08-04 11:00:00,,2025-08-12 07:00:00,2025-08-31 07:00:00,2025-09-10 20:00:00,,2025-09-26 09:00:00,2025-09-26 09:00:00
6100000906,Ember Financial - New Business,73500,closedlost,Closed Lost,default,New Business,Inbound - Partner Referral,Priya Raghunathan,2026-06-10 15:00:00,2026-07-27 06:00:00,true,false,2026-06-10 15:00:00,2026-06-21 02:00:00,2026-06-27 01:00:00,2026-07-01 13:00:00,2026-07-07 06:00:00,,2026-07-27 06:00:00,2026-07-27 06:00:00
6100000911,Nimbus Storage - New Business,54750,decisionmakerboughtin,Decision Maker Bought-In,default,New Business,Event,Kenji Watanabe,2026-05-02 12:00:00,2026-05-17 00:00:00,false,false,2026-05-02 12:00:00,2026-05-29 09:00:00,2026-07-03 23:00:00,2026-08-09 00:00:00,,,,2026-08-09 00:00:00
6100000918,Harborview Media - New Business,97500,closedlost,Closed Lost,default,New Business,Inbound - Demo Request,Alicia Ferreira,2025-10-29 08:00:00,2025-12-28 12:00:00,true,false,2025-10-29 08:00:00,2025-11-15 09:00:00,2025-11-24 18:00:00,2025-11-28 07:00:00,2025-12-02 17:00:00,,2025-12-28 12:00:00,2025-12-28 12:00:00
6100000927,Cascade Analytics - New Business,88250,closedlost,Closed Lost,default,New Business,Outbound - Founder,Dana Whitfield,2025-03-02 18:30:00,2025-05-04 01:30:00,true,false,2025-03-02 18:30:00,2025-03-15 13:30:00,2025-03-24 12:30:00,2025-03-28 10:30:00,2025-04-17 20:30:00,,2025-05-04 01:30:00,2025-05-04 01:30:00
6100000933,Cascade Analytics - New Business,55750,decisionmakerboughtin,Decision Maker Bought-In,default,New Business,Inbound - Content,Kenji Watanabe,2026-03-12 18:45:00,2026-10-27 00:00:00,false,false,2026-03-12 18:45:00,2026-03-14 21:45:00,2026-03-28 07:45:00,2026-04-10 20:45:00,,,,2026-04-10 20:45:00
6100000941,Thornbury Group - Expansion,40750,closedlost,Closed Lost,default,Expansion,Inbound - Demo Request,Alicia Ferreira,2025-12-26 18:45:00,2026-01-26 10:45:00,true,false,2025-12-26 18:45:00,2026-01-02 07:45:00,2026-01-04 11:45:00,2026-01-09 11:45:00,2026-01-17 18:45:00,,2026-01-26 10:45:00,2026-01-26 10:45:00
6100000947,Halcyon Devices - Renewal,88000,closedwon,Closed Won,default,Renewal,Inbound - Partner Referral,Dana Whitfield,2026-04-14 12:45:00,2026-06-23 17:45:00,true,true,2026-04-14 12:45:00,,2026-04-20 15:45:00,2026-05-11 00:45:00,2026-05-28 09:45:00,2026-06-23 17:45:00,,2026-06-23 17:45:00
6100000952,Ridgeline Robotics - Renewal,17750,closedlost,Closed Lost,default,Renewal,Inbound - Demo Request,Alicia Ferreira,2025-11-19 10:30:00,2026-01-09 13:30:00,true,false,2025-11-19 10:30:00,2025-11-22 03:30:00,2025-11-27 17:30:00,2025-12-13 12:30:00,2025-12-28 02:30:00,,2026-01-09 13:30:00,2026-01-09 13:30:00
6100000962,Quarry Digital - New Business,62750,closedlost,Closed Lost,default,New Business,Outbound - SDR,Marcus Oyelaran,2025-12-27 10:15:00,2025-12-28 03:15:00,true,false,2025-12-27 10:15:00,2025-12-27 11:15:00,2025-12-27 17:15:00,2025-12-27 20:15:00,2025-12-28 01:15:00,,2025-12-28 03:15:00,2025-12-28 03:15:00
6100000969,Thornbury Group - New Business,22000,closedlost,Closed Lost,default,New Business,Outbound - Founder,Marcus Oyelaran,2026-04-03 15:15:00,2026-06-13 17:15:00,true,false,2026-04-03 15:15:00,2026-04-21 08:15:00,2026-05-02 15:15:00,2026-05-08 16:15:00,2026-05-17 19:15:00,,2026-06-13 17:15:00,2026-06-13 17:15:00
6100000974,Lumen Diagnostics - New Business,30750,closedlost,Closed Lost,default,New Business,Inbound - Partner Referral,Kenji Watanabe,2026-05-03 14:30:00,2026-06-16 12:30:00,true,false,2026-05-03 14:30:00,,2026-05-07 09:30:00,2026-05-18 13:30:00,2026-05-28 01:30:00,,2026-06-16 12:30:00,2026-06-16 12:30:00
6100000980,Lumen Diagnostics - Expansion,21000,closedwon,Closed Won,default,Expansion,Inbound - Partner Referral,Priya Raghunathan,2025-08-13 14:30:00,2025-10-05 07:30:00,true,true,2025-08-13 14:30:00,,2025-08-31 19:30:00,2025-09-08 14:30:00,2025-09-11 10:30:00,2025-10-05 07:30:00,,2025-10-05 07:30:00
6100000988,Cinder Interactive - Renewal,165750,closedlost,Closed Lost,default,Renewal,Inbound - Partner Referral,Dana Whitfield,2025-07-07 15:15:00,2025-08-30 01:15:00,true,false,2025-07-07 15:15:00,,2025-07-23 04:15:00,2025-08-03 10:15:00,2025-08-13 14:15:00,,2025-08-30 01:15:00,2025-08-30 01:15:00
6100000995,Oakhurst Foods - New Business,89500,closedlost,Closed Lost,default,New Business,Outbound - Founder,Marcus Oyelaran,2025-06-09 11:00:00,2025-08-23 19:00:00,true,false,2025-06-09 11:00:00,2025-06-21 19:00:00,2025-07-05 14:00:00,2025-07-15 05:00:00,2025-07-31 06:00:00,,2025-08-23 19:00:00,2025-08-23 19:00:00
6100001004,Zephyr Aviation - Expansion,54500,closedlost,Closed Lost,default,Expansion,Outbound - SDR,Marcus Oyelaran,2025-01-11 11:30:00,2025-02-10 06:30:00,true,false,,,,,2025-01-11 11:30:00,,2025-02-10 06:30:00,2025-02-10 06:30:00
6100001010,Cascade Analytics - New Business,73250,closedlost,Closed Lost,default,New Business,Outbound - Founder,Dana Whitfield,2026-02-28 09:30:00,2026-05-22 14:30:00,true,false,2026-02-28 09:30:00,2026-03-15 13:30:00,2026-03-23 06:30:00,2026-04-10 18:30:00,2026-04-28 00:30:00,,2026-05-22 14:30:00,2026-05-22 14:30:00
6100001015,Foxglove Design - New Business,14750,closedlost,Closed Lost,default,New Business,Outbound - SDR,Dana Whitfield,2026-01-27 09:15:00,2026-03-18 01:15:00,true,false,2026-01-27 09:15:00,,2026-02-02 19:15:00,2026-02-20 19:15:00,2026-03-13 16:15:00,,2026-03-18 01:15:00,2026-03-18 01:15:00
6100001023,Ferrous Labs - Expansion,18500,closedlost,Closed Lost,default,Expansion,Outbound - SDR,Priya Raghunathan,2025-02-18 17:00:00,2025-04-11 11:00:00,true,false,2025-02-18 17:00:00,2025-03-11 11:00:00,2025-03-24 14:00:00,2025-03-30 19:00:00,2025-04-08 01:00:00,,2025-04-11 11:00:00,2025-04-11 11:00:00
6100001032,Oakhurst Foods - New Business,128500,closedlost,Closed Lost,default,New Business,Inbound - Partner Referral,Kenji Watanabe,2026-02-05 14:15:00,2026-03-27 21:15:00,true,false,2026-02-05 14:15:00,,2026-02-14 11:15:00,2026-03-05 23:15:00,2026-03-20 09:15:00,,2026-03-27 21:15:00,2026-03-27 21:15:00
6100001038,Halcyon Devices - New Business,44500,contractsent,Contract Sent,default,New Business,Inbound - Demo Request,Alicia Ferreira,2026-05-09 13:30:00,2026-11-19 00:00:00,false,false,2026-05-09 13:30:00,2026-05-24 23:30:00,2026-06-14 14:30:00,2026-06-27 01:30:00,2026-07-04 23:30:00,,,2026-07-04 23:30:00
6100001043,Saltmarsh Marine - Renewal,123500,closedlost,Closed Lost,default,Renewal,Outbound - Founder,Priya Raghunathan,2025-08-01 16:45:00,2025-09-19 00:45:00,true,false,2025-08-01 16:45:00,2025-08-06 01:45:00,2025-08-15 02:45:00,2025-08-24 19:45:00,2025-09-04 10:45:00,,2025-09-19 00:45:00,2025-09-19 00:45:00
6100001050,Quarry Digital - Expansion,12500,closedlost,Closed Lost,default,Expansion,Inbound - Content,Dana Whitfield,2025-01-28 09:45:00,2025-03-24 09:45:00,true,false,2025-01-28 09:45:00,,2025-02-16 08:45:00,2025-03-02 05:45:00,2025-03-15 04:45:00,,2025-03-24 09:45:00,2025-03-24 09:45:00
6100001057,Westfall Automotive - New Business,44500,closedlost,Closed Lost,default,New Business,Inbound - Content,Priya Raghunathan,2025-01-14 15:45:00,2025-03-13 00:45:00,true,false,2025-01-14 15:45:00,,2025-01-30 01:45:00,2025-02-03 00:45:00,2025-02-15 11:45:00,,2025-03-13 00:45:00,2025-03-13 00:45:00
6100001066,Meridian Freight - Renewal,153000,closedlost,Closed Lost,default,Renewal,Outbound - SDR,Tom Bergstrom,2026-06-15 14:15:00,2026-08-16 15:15:00,true,false,2026-06-15 14:15:00,2026-06-27 22:15:00,2026-07-11 13:15:00,2026-07-27 03:15:00,2026-08-12 23:15:00,,2026-08-16 15:15:00,2026-08-16 15:15:00
6100001072,Alder Creek Brewing - New Business,89000,closedlost,Closed Lost,default,New Business,Inbound - Demo Request,Dana Whitfield,2025-01-14 15:00:00,2025-02-15 08:00:00,true,false,2025-01-14 15:00:00,,2025-01-23 05:00:00,2025-01-27 22:00:00,2025-01-30 10:00:00,,2025-02-15 08:00:00,2025-02-15 08:00:00
6100001079,Arclight Systems - New Business,50250,closedwon,Closed Won,default,New Business,Event,Tom Bergstrom,2025-04-17 08:30:00,2025-05-09 23:30:00,true,true,,,,,2025-04-17 08:30:00,2025-05-09 23:30:00,,2025-05-09 23:30:00
6100001086,Quarry Digital - New Business,0,closedwon,Closed Won,default,New Business,Inbound - Partner Referral,Kenji Watanabe,2026-01-11 14:00:00,2026-03-22 09:00:00,true,true,2026-01-11 14:00:00,,2026-01-31 21:00:00,2026-02-10 07:00:00,2026-02-20 09:00:00,2026-03-22 09:00:00,,2026-03-22 09:00:00
6100001092,Pinnacle Staffing - Expansion,15250,closedlost,Closed Lost,default,Expansion,Outbound - SDR,Tom Bergstrom,2025-10-19 08:00:00,2026-01-05 06:00:00,true,false,2025-10-19 08:00:00,2025-11-02 04:00:00,2025-11-21 20:00:00,2025-12-09 14:00:00,2025-12-26 06:00:00,,2026-01-05 06:00:00,2026-01-05 06:00:00
6100001099,Dovetail HR - New Business,,closedwon,Closed Won,default,New Business,Inbound - Content,Marcus Oyelaran,2025-05-24 18:00:00,2025-07-12 18:00:00,true,true,2025-05-24 18:00:00,,2025-06-03 18:00:00,2025-06-23 22:00:00,2025-06-27 13:00:00,2025-07-12 18:00:00,,2025-07-12 18:00:00
6100001108,Pinnacle Staffing - Expansion,45500,closedlost,Closed Lost,default,Expansion,Outbound - Founder,Tom Bergstrom,2025-05-21 17:30:00,2025-08-01 20:30:00,true,false,2025-05-21 17:30:00,2025-04-20 17:30:00,2025-06-20 03:30:00,2025-07-09 10:30:00,2025-07-19 03:30:00,,2025-08-01 20:30:00,2025-08-01 20:30:00
6100001115,Northwind Logistics - New Business,94000,closedlost,Closed Lost,default,New Business,Inbound - Content,Dana Whitfield,2025-07-11 08:45:00,2025-07-31 13:45:00,true,false,,,,2025-07-11 08:45:00,2025-07-13 08:45:00,,2025-07-31 13:45:00,2025-07-31 13:45:00
6100001122,Vantage Point Realty - New Business,86000,closedlost,Closed Lost,default,New Business,Event,Dana Whitfield,2026-06-01 15:30:00,2026-07-01 01:30:00,true,false,,,,2026-06-01 15:30:00,2026-06-13 12:30:00,,2026-07-01 01:30:00,2026-07-01 01:30:00
6100001128,Oakhurst Foods - New Business,121750,closedlost,Closed Lost,default,New Business,Outbound - SDR,Tom Bergstrom,2025-10-28 11:15:00,2025-11-24 15:15:00,true,false,,,,,2025-10-28 11:15:00,,2025-11-24 15:15:00,2025-11-24 15:15:00
6100001137,Saltmarsh Marine - New Business,138250,qualifiedtobuy,Qualified To Buy,default,New Business,Outbound - SDR,Priya Raghunathan,2026-06-30 09:45:00,2026-08-04 00:00:00,false,false,2026-06-30 09:45:00,2026-07-22 03:45:00,,,,,,2026-07-22 03:45:00
6100001141,Quillon Software - Expansion,15750,closedwon,Closed Won,default,Expansion,Outbound - SDR,Marcus Oyelaran,2025-09-27 09:15:00,2025-12-06 22:15:00,true,true,2025-09-27 09:15:00,2025-10-14 10:15:00,2025-10-19 02:15:00,2025-10-23 16:15:00,2025-11-11 09:15:00,2025-12-06 22:15:00,,2025-12-06 22:15:00
6100001150,Harborview Media - Expansion,55250,closedlost,Closed Lost,default,Expansion,Outbound - SDR,Priya Raghunathan,2025-12-03 11:00:00,2026-02-10 21:00:00,true,false,2025-11-23 11:00:00,2025-12-06 15:00:00,2025-12-21 20:00:00,2026-01-05 14:00:00,2026-01-22 22:00:00,,2026-02-10 21:00:00,2026-02-10 21:00:00
6100001157,Umbra Security - New Business,81000,closedlost,Closed Lost,default,New Business,Inbound - Content,Dana Whitfield,2025-04-24 13:15:00,2025-07-02 04:15:00,true,false,2025-04-24 13:15:00,2025-05-12 13:15:00,2025-05-22 20:15:00,2025-06-06 14:15:00,2025-06-27 02:15:00,,2025-07-02 04:15:00,2025-07-02 04:15:00
6100001165,Marlowe Legal - New Business,26000,contractsent,Contract Sent,default,New Business,Outbound - Founder,Tom Bergstrom,2026-03-26 14:00:00,2026-09-23 00:00:00,false,false,2026-03-26 14:00:00,,2026-03-30 18:00:00,2026-04-19 14:00:00,2026-05-01 12:00:00,,,2026-05-01 12:00:00
6100001170,Halcyon Devices - New Business,83250,closedlost,Closed Lost,default,New Business,Outbound - SDR,Dana Whitfield,2026-07-15 02:00:00,2026-09-05 00:00:00,true,false,2026-07-15 02:00:00,2026-07-19 20:00:00,2026-08-08 03:00:00,2026-08-21 14:00:00,2026-08-30 13:00:00,,2026-09-05 00:00:00,2026-09-05 00:00:00
6100001177,Zephyr Aviation - New Business,25750,closedlost,Closed Lost,default,New Business,Inbound - Content,Priya Raghunathan,2026-03-13 11:30:00,2026-05-13 10:30:00,true,false,2026-03-13 11:30:00,2026-03-19 22:30:00,2026-03-27 10:30:00,2026-04-01 01:30:00,2026-04-17 10:30:00,,2026-05-13 10:30:00,2026-05-13 10:30:00
6100001186,Vantage Point Realty - Renewal,144750,closedwon,Closed Won,default,Renewal,Inbound - Demo Request,Tom Bergstrom,2026-08-02 10:00:00,2026-08-02 21:00:00,true,true,2026-08-02 10:00:00,2026-08-02 11:00:00,2026-08-02 12:00:00,2026-08-02 16:00:00,2026-08-02 19:00:00,2026-08-02 21:00:00,,2026-08-02 21:00:00
6100001193,Kestrel Manufacturing - Renewal,94500,closedlost,Closed Lost,default,Renewal,Outbound - SDR,Marcus Oyelaran,2025-05-26 10:30:00,2025-08-21 01:30:00,true,false,2025-05-26 10:30:00,2025-06-06 21:30:00,2025-06-19 11:30:00,2025-07-10 03:30:00,2025-07-27 22:30:00,,2025-08-21 01:30:00,2025-08-21 01:30:00
6100001197,Blackstone Tooling - Renewal,78750,closedlost,Closed Lost,default,Renewal,Outbound - Founder,Dana Whitfield,2025-09-23 16:45:00,2025-11-08 23:45:00,true,false,2025-09-23 16:45:00,2025-10-06 19:45:00,2025-10-12 05:45:00,2025-10-17 00:45:00,2025-10-30 02:45:00,,2025-11-08 23:45:00,2025-11-08 23:45:00
6100001204,Northwind Logistics - New Business,97750,closedwon,Closed Won,default,New Business,Outbound - SDR,Tom Bergstrom,2025-05-11 08:15:00,2025-05-23 12:15:00,true,true,,,,,2025-05-11 08:15:00,2025-05-23 12:15:00,,2025-05-23 12:15:00
6100001214,Ember Financial - New Business,44250,closedlost,Closed Lost,default,New Business,Inbound - Partner Referral,Dana Whitfield,2026-05-29 15:00:00,2026-08-09 07:00:00,true,false,2026-05-29 15:00:00,2026-06-12 07:00:00,2026-06-27 05:00:00,2026-07-07 00:00:00,2026-07-11 14:00:00,,2026-08-09 07:00:00,2026-08-09 07:00:00
6100001219,Redwood Telecom - Expansion,28000,closedlost,Closed Lost,default,Expansion,Outbound - Founder,Alicia Ferreira,2026-07-06 12:15:00,2026-08-14 18:15:00,true,false,,,,2026-07-06 12:15:00,2026-07-24 02:15:00,,2026-08-14 18:15:00,2026-08-14 18:15:00
6100001228,Cascade Analytics - Expansion,20000,closedlost,Closed Lost,default,Expansion,Outbound - SDR,Kenji Watanabe,2026-06-07 18:45:00,2026-08-22 00:45:00,true,false,2026-06-07 18:45:00,2026-06-19 19:45:00,2026-07-02 07:45:00,2026-07-19 22:45:00,2026-07-30 22:45:00,,2026-08-22 00:45:00,2026-08-22 00:45:00
6100001235,Vantage Point Realty - New Business,31750,closedwon,Closed Won,default,New Business,Inbound - Partner Referral,Alicia Ferreira,2026-01-18 17:15:00,2026-03-05 16:15:00,true,true,2026-01-18 17:15:00,,2026-01-31 09:15:00,2026-02-10 15:15:00,2026-03-02 10:15:00,2026-03-05 16:15:00,,2026-03-05 16:15:00
6100001241,Quillon Software - New Business,139750,decisionmakerboughtin,Decision Maker Bought-In,default,New Business,Inbound - Demo Request,Alicia Ferreira,2025-12-30 16:00:00,2026-11-17 00:00:00,false,false,2025-12-30 16:00:00,2026-01-10 05:00:00,2026-01-20 12:00:00,2026-01-29 06:00:00,,,,2026-01-29 06:00:00
6100001249,Umbra Security - New Business,105250,decisionmakerboughtin,Decision Maker Bought-In,default,New Business,Outbound - SDR,Alicia Ferreira,2026-05-29 10:30:00,2026-12-04 00:00:00,false,false,2026-05-29 10:30:00,2026-06-06 15:30:00,2026-06-16 10:30:00,2026-06-26 21:30:00,,,,2026-06-26 21:30:00
6100001253,Ferrous Labs - New Business,88250,closedlost,Closed Lost,default,New Business,Inbound - Partner Referral,Tom Bergstrom,2026-03-04 14:00:00,2026-04-28 17:00:00,true,false,2026-03-04 14:00:00,2026-03-07 04:00:00,2026-03-26 00:00:00,2026-03-30 05:00:00,2026-04-19 19:00:00,,2026-04-28 17:00:00,2026-04-28 17:00:00
6100001261,Pinnacle Staffing - Expansion,22500,closedwon,Closed Won,default,Expansion,Outbound - SDR,Marcus Oyelaran,2026-03-10 13:00:00,2026-05-06 13:00:00,true,true,2026-03-10 13:00:00,2026-03-13 20:00:00,2026-03-18 19:00:00,2026-03-25 17:00:00,2026-04-12 21:00:00,2026-05-06 13:00:00,,2026-05-06 13:00:00
6100001267,Juniper Cloud - New Business,122000,appointmentscheduled,Appointment Scheduled,default,New Business,Inbound - Demo Request,Alicia Ferreira,2026-07-05 12:00:00,2026-10-21 00:00:00,false,false,2026-07-05 12:00:00,,,,,,,2026-07-05 12:00:00
6100001277,Dunmore Textiles - New Business,93750,presentationscheduled,Presentation Scheduled,default,New Business,Outbound - SDR,Dana Whitfield,2025-01-23 08:45:00,2026-12-27 00:00:00,false,false,2025-01-23 08:45:00,,2025-01-27 00:45:00,,,,,2025-01-27 00:45:00
6100001281,Cascade Analytics - New Business,141250,closedlost,Closed Lost,default,New Business,Inbound - Partner Referral,Dana Whitfield,2025-10-05 17:15:00,2025-11-18 16:15:00,true,false,2025-10-05 17:15:00,,2025-10-10 13:15:00,2025-10-28 01:15:00,2025-11-12 05:15:00,,2025-11-18 16:15:00,2025-11-18 16:15:00
6100001291,Zephyr Aviation - New Business,137750,decisionmakerboughtin,Decision Maker Bought-In,default,New Business,Outbound - SDR,Priya Raghunathan,2026-07-21 00:00:00,2026-12-10 00:00:00,false,false,2026-07-21 00:00:00,2026-07-29 22:00:00,2026-08-14 05:00:00,2026-08-18 00:00:00,,,,2026-08-18 00:00:00
6100001298,Ember Financial - Renewal,21750,closedwon,Closed Won,default,Renewal,Inbound - Content,Priya Raghunathan,2025-11-24 11:30:00,2026-01-12 14:30:00,true,true,2025-11-24 11:30:00,2025-11-28 16:30:00,2025-12-01 20:30:00,2025-12-10 04:30:00,2025-12-28 03:30:00,2026-01-12 14:30:00,,2026-01-12 14:30:00
6100001305,Dunmore Textiles - Expansion,19750,closedwon,Closed Won,default,Expansion,Outbound - Founder,Dana Whitfield,2025-07-03 17:30:00,2025-07-04 07:30:00,true,true,2025-07-03 17:30:00,2025-07-03 18:30:00,2025-07-04 00:30:00,2025-07-04 03:30:00,2025-07-04 04:30:00,2025-07-04 07:30:00,,2025-07-04 07:30:00
6100001312,Redwood Telecom - New Business,39500,closedlost,Closed Lost,default,New Business,Outbound - Founder,Dana Whitfield,2025-07-25 18:15:00,2025-09-26 09:15:00,true,false,2025-07-25 18:15:00,2025-08-15 13:15:00,2025-08-18 23:15:00,2025-09-07 16:15:00,2025-09-19 09:15:00,,2025-09-26 09:15:00,2025-09-26 09:15:00
6100001316,Harborview Media - New Business,79250,closedlost,Closed Lost,default,New Business,Inbound - Partner Referral,Alicia Ferreira,2025-02-21 08:15:00,2025-03-24 16:15:00,true,false,2025-02-21 08:15:00,,2025-03-04 10:15:00,2025-03-08 09:15:00,2025-03-12 11:15:00,,2025-03-24 16:15:00,2025-03-24 16:15:00
6100001324,Yarrow Nutrition - Expansion,59000,closedlost,Closed Lost,default,Expansion,Outbound - SDR,Kenji Watanabe,2025-12-03 13:00:00,2026-01-05 15:00:00,true,false,2025-12-03 13:00:00,,2025-12-09 03:00:00,2025-12-12 13:00:00,2025-12-20 06:00:00,,2026-01-05 15:00:00,2026-01-05 15:00:00
6100001333,Westfall Automotive - Expansion,0,closedwon,Closed Won,default,Expansion,Outbound - SDR,Marcus Oyelaran,2026-03-08 12:30:00,2026-04-16 09:30:00,true,true,2026-03-08 12:30:00,,2026-03-11 22:30:00,2026-03-27 18:30:00,2026-04-07 08:30:00,2026-04-16 09:30:00,,2026-04-16 09:30:00
6100001339,Xylem Networks - New Business,143500,presentationscheduled,Presentation Scheduled,default,New Business,Inbound - Content,Alicia Ferreira,2026-03-17 13:30:00,2026-12-19 00:00:00,false,false,2026-03-17 13:30:00,2026-04-06 13:30:00,2026-04-14 13:30:00,,,,,2026-04-14 13:30:00
6100001347,Zephyr Aviation - New Business,100750,closedwon,Closed Won,default,New Business,Inbound - Demo Request,Kenji Watanabe,2026-02-04 14:45:00,2026-03-29 14:45:00,true,true,2026-02-04 14:45:00,,2026-02-16 07:45:00,2026-02-21 16:45:00,2026-03-02 12:45:00,2026-03-29 14:45:00,,2026-03-29 14:45:00
6100001352,Pinnacle Staffing - New Business,143000,closedlost,Closed Lost,default,New Business,Inbound - Partner Referral,Alicia Ferreira,2025-07-18 12:45:00,2025-09-07 22:45:00,true,false,2025-07-18 12:45:00,2025-07-24 23:45:00,2025-07-29 06:45:00,2025-08-15 11:45:00,2025-08-21 20:45:00,,2025-09-07 22:45:00,2025-09-07 22:45:00
6100001358,Westfall Automotive - New Business,98500,closedlost,Closed Lost,default,New Business,Outbound - Founder,Priya Raghunathan,2025-05-04 13:00:00,2025-07-12 17:00:00,true,false,2025-05-04 13:00:00,2025-05-19 23:00:00,2025-05-27 23:00:00,2025-06-01 21:00:00,2025-06-21 17:00:00,,2025-07-12 17:00:00,2025-07-12 17:00:00
6100001365,Juniper Cloud - Renewal,77000,closedlost,Closed Lost,default,Renewal,Event,Marcus Oyelaran,2026-03-18 09:30:00,2026-06-06 10:30:00,true,false,2026-03-18 09:30:00,2026-04-05 20:30:00,2026-04-26 09:30:00,2026-05-13 21:30:00,2026-05-28 21:30:00,,2026-06-06 10:30:00,2026-06-06 10:30:00
6100001374,Saltmarsh Marine - New Business,21750,contractsent,Contract Sent,default,New Business,Inbound - Demo Request,Tom Bergstrom,2026-01-02 10:00:00,2026-12-09 00:00:00,false,false,2026-01-02 10:00:00,2026-01-20 17:00:00,2026-02-03 03:00:00,2026-02-17 12:00:00,2026-03-05 12:00:00,,,2026-03-05 12:00:00
6100001379,Foxglove Design - New Business,63250,closedwon,Closed Won,default,New Business,Outbound - Founder,Tom Bergstrom,2026-05-09 16:00:00,2026-05-10 07:00:00,true,true,2026-05-09 16:00:00,2026-05-09 17:00:00,2026-05-09 19:00:00,2026-05-10 00:00:00,2026-05-10 05:00:00,2026-05-10 07:00:00,,2026-05-10 07:00:00
6100001386,Ferrous Labs - Expansion,35750,qualifiedtobuy,Qualified To Buy,default,Expansion,Inbound - Partner Referral,Alicia Ferreira,2026-08-05 13:15:00,2026-12-13 00:00:00,false,false,2026-08-05 13:15:00,2026-08-11 00:15:00,,,,,,2026-08-11 00:15:00
6100001395,Dunmore Textiles - Expansion,18500,contractsent,Contract Sent,default,Expansion,Outbound - Founder,Kenji Watanabe,2025-08-23 17:45:00,2026-12-18 00:00:00,false,false,2025-08-23 17:45:00,2025-09-03 21:45:00,2025-09-08 19:45:00,2025-09-29 03:45:00,2025-10-12 14:45:00,,,2025-10-12 14:45:00
6100001403,Oakhurst Foods - Expansion,7750,decisionmakerboughtin,Decision Maker Bought-In,default,Expansion,Outbound - SDR,Kenji Watanabe,2025-07-18 14:00:00,2026-10-07 00:00:00,false,false,2025-07-18 14:00:00,2025-08-10 07:00:00,2025-09-07 02:00:00,2025-10-12 05:00:00,,,,2025-10-12 05:00:00
6100001410,Marlowe Legal - Expansion,10750,closedlost,Closed Lost,default,Expansion,Inbound - Partner Referral,Alicia Ferreira,2026-03-29 11:00:00,2026-06-25 08:00:00,true,false,2026-03-29 11:00:00,2026-04-16 19:00:00,2026-05-03 12:00:00,2026-05-11 00:00:00,2026-05-29 22:00:00,,2026-06-25 08:00:00,2026-06-25 08:00:00
6100001417,Pinnacle Staffing - Expansion,43750,closedlost,Closed Lost,default,Expansion,Inbound - Demo Request,Marcus Oyelaran,2025-07-14 18:45:00,2025-07-15 13:45:00,true,false,2025-07-14 18:45:00,2025-07-15 00:45:00,2025-07-15 03:45:00,2025-07-15 08:45:00,2025-07-15 11:45:00,,2025-07-15 13:45:00,2025-07-15 13:45:00
6100001422,Thornbury Group - Expansion,9250,closedlost,Closed Lost,default,Expansion,Outbound - SDR,Dana Whitfield,2025-03-20 10:00:00,2025-04-21 18:00:00,true,false,2025-03-20 10:00:00,,2025-03-30 09:00:00,2025-04-09 07:00:00,2025-04-16 19:00:00,,2025-04-21 18:00:00,2025-04-21 18:00:00
6100001431,Ember Financial - New Business,51750,presentationscheduled,Presentation Scheduled,default,New Business,Event,Dana Whitfield,2026-03-13 13:30:00,2026-10-14 00:00:00,false,false,2026-03-13 13:30:00,2026-03-17 08:30:00,2026-04-01 04:30:00,,,,,2026-04-01 04:30:00
6100001435,Vantage Point Realty - New Business,140750,closedlost,Closed Lost,default,New Business,Event,Dana Whitfield,2025-09-19 15:30:00,2025-12-09 00:30:00,true,false,2025-09-19 15:30:00,2025-09-28 19:30:00,2025-10-19 15:30:00,2025-11-02 05:30:00,2025-11-16 20:30:00,,2025-12-09 00:30:00,2025-12-09 00:30:00
6100001443,Tessellate - New Business,80250,closedwon,Closed Won,default,New Business,Inbound - Partner Referral,Kenji Watanabe,2026-07-22 23:00:00,2026-09-06 00:00:00,true,true,2026-07-22 23:00:00,,2026-08-09 13:00:00,2026-08-23 16:00:00,2026-08-27 04:00:00,2026-09-06 00:00:00,,2026-09-06 00:00:00
6100001450,Kestrel Manufacturing - New Business,82750,closedlost,Closed Lost,default,New Business,Inbound - Content,Priya Raghunathan,2025-10-17 11:30:00,2025-12-21 18:30:00,true,false,2025-10-17 11:30:00,2025-10-29 20:30:00,2025-11-01 23:30:00,2025-11-04 02:30:00,2025-11-24 10:30:00,,2025-12-21 18:30:00,2025-12-21 18:30:00
6100001459,Northwind Logistics - New Business,76250,closedlost,Closed Lost,default,New Business,Outbound - Founder,Alicia Ferreira,2026-06-19 15:15:00,2026-08-15 11:15:00,true,false,2026-06-19 15:15:00,2026-06-24 17:15:00,2026-07-04 19:15:00,2026-07-15 10:15:00,2026-07-17 16:15:00,,2026-08-15 11:15:00,2026-08-15 11:15:00
6100001463,Quillon Software - New Business,43000,closedlost,Closed Lost,default,New Business,Inbound - Demo Request,Kenji Watanabe,2026-01-16 15:00:00,2026-03-12 03:00:00,true,false,2026-01-16 15:00:00,2026-01-23 23:00:00,2026-02-03 08:00:00,2026-02-11 10:00:00,2026-02-27 07:00:00,,2026-03-12 03:00:00,2026-03-12 03:00:00
6100001471,Blackstone Tooling - New Business,86500,presentationscheduled,Presentation Scheduled,default,New Business,Inbound - Demo Request,Priya Raghunathan,2025-07-29 15:00:00,2026-12-10 00:00:00,false,false,2025-07-29 15:00:00,2025-08-17 15:00:00,2025-08-29 20:00:00,,,,,2025-08-29 20:00:00
6100001480,Granite Peak Insurance - New Business,134750,closedlost,Closed Lost,default,New Business,Inbound - Partner Referral,Marcus Oyelaran,2025-12-21 08:45:00,2025-12-22 08:45:00,true,false,2025-12-21 08:45:00,2025-12-21 14:45:00,2025-12-21 17:45:00,2025-12-21 22:45:00,2025-12-22 03:45:00,,2025-12-22 08:45:00,2025-12-22 08:45:00
6100001487,Cinder Interactive - Expansion,32250,closedlost,Closed Lost,default,Expansion,Outbound - SDR,Tom Bergstrom,2026-04-25 10:45:00,2026-06-05 08:45:00,true,false,2026-04-25 10:45:00,,2026-05-12 09:45:00,2026-05-27 08:45:00,2026-06-01 05:45:00,,2026-06-05 08:45:00,2026-06-05 08:45:00
6100001492,Harborview Media - New Business,45500,closedlost,Closed Lost,default,New Business,Outbound - Founder,Dana Whitfield,2025-10-24 11:00:00,2025-12-29 14:00:00,true,false,2025-10-24 11:00:00,2025-11-03 07:00:00,2025-11-11 09:00:00,2025-11-17 03:00:00,2025-12-03 01:00:00,,2025-12-29 14:00:00,2025-12-29 14:00:00
6100001499,Zephyr Aviation - New Business,57750,closedlost,Closed Lost,default,New Business,Inbound - Demo Request,Priya Raghunathan,2026-06-04 17:30:00,2026-07-08 11:30:00,true,false,,,2026-06-04 17:30:00,2026-06-19 17:30:00,2026-07-03 00:30:00,,2026-07-08 11:30:00,2026-07-08 11:30:00
6100001506,Cascade Analytics - New Business,16000,closedlost,Closed Lost,default,New Business,Inbound - Demo Request,Tom Bergstrom,2026-05-04 16:30:00,2026-08-12 15:30:00,true,false,2026-05-04 16:30:00,2026-05-25 14:30:00,2026-06-07 16:30:00,2026-06-26 23:30:00,2026-07-13 20:30:00,,2026-08-12 15:30:00,2026-08-12 15:30:00
6100001512,Foxglove Design - Expansion,40000,closedlost,Closed Lost,default,Expansion,Outbound - SDR,Priya Raghunathan,2025-06-22 15:00:00,2025-07-13 06:00:00,true,false,,,2025-06-22 15:00:00,2025-06-28 01:00:00,2025-07-08 20:00:00,,2025-07-13 06:00:00,2025-07-13 06:00:00
6100001519,Thornbury Group - New Business,29250,closedlost,Closed Lost,default,New Business,Inbound - Partner Referral,Priya Raghunathan,2025-09-30 09:30:00,2025-11-30 04:30:00,true,false,2025-09-30 09:30:00,2025-10-13 03:30:00,2025-10-30 10:30:00,2025-11-16 06:30:00,2025-11-23 13:30:00,,2025-11-30 04:30:00,2025-11-30 04:30:00
6100001529,Quillon Software - Expansion,42500,closedwon,Closed Won,default,Expansion,Inbound - Partner Referral,Kenji Watanabe,2025-09-21 13:00:00,2025-11-24 13:00:00,true,true,2025-09-21 13:00:00,2025-09-12 13:00:00,2025-10-06 18:00:00,2025-10-10 03:00:00,2025-10-29 09:00:00,2025-11-24 13:00:00,,2025-11-24 13:00:00
6100001534,Quillon Software - New Business,91500,presentationscheduled,Presentation Scheduled,default,New Business,Outbound - Founder,Tom Bergstrom,2025-02-14 16:00:00,2026-10-23 00:00:00,false,false,2025-02-14 16:00:00,2025-04-08 01:00:00,2025-05-01 03:00:00,,,,,2025-05-01 03:00:00
6100001542,Granite Peak Insurance - New Business,65000,closedlost,Closed Lost,default,New Business,Inbound - Content,Dana Whitfield,2025-11-02 15:00:00,2025-12-24 20:00:00,true,false,2025-11-02 15:00:00,2025-11-09 13:00:00,2025-11-18 02:00:00,2025-12-07 06:00:00,2025-12-20 13:00:00,,2025-12-24 20:00:00,2025-12-24 20:00:00
6100001549,Saltmarsh Marine - Expansion,18000,closedlost,Closed Lost,default,Expansion,Event,Alicia Ferreira,2025-10-16 09:15:00,2025-12-11 09:15:00,true,false,2025-10-16 09:15:00,2025-10-23 10:15:00,2025-11-02 01:15:00,2025-11-12 11:15:00,2025-11-30 22:15:00,,2025-12-11 09:15:00,2025-12-11 09:15:00
6100001557,Foxglove Design - New Business,120000,closedlost,Closed Lost,default,New Business,Outbound - SDR,Tom Bergstrom,2026-01-19 14:45:00,2026-01-23 05:45:00,true,false,,,,,2026-01-19 14:45:00,,2026-01-23 05:45:00,2026-01-23 05:45:00
6100001563,Nimbus Storage - Expansion,14000,closedlost,Closed Lost,default,Expansion,Outbound - SDR,Kenji Watanabe,2025-06-03 16:45:00,2025-08-23 03:45:00,true,false,2025-06-03 16:45:00,2025-06-24 13:45:00,2025-07-12 23:45:00,2025-07-15 17:45:00,2025-07-25 08:45:00,,2025-08-23 03:45:00,2025-08-23 03:45:00
6100001571,Dunmore Textiles - New Business,76250,closedlost,Closed Lost,default,New Business,Inbound - Content,Kenji Watanabe,2026-06-02 16:00:00,2026-08-08 02:00:00,true,false,2026-06-02 16:00:00,2026-06-08 08:00:00,2026-06-20 20:00:00,2026-07-05 08:00:00,2026-07-21 11:00:00,,2026-08-08 02:00:00,2026-08-08 02:00:00
6100001578,Halcyon Devices - New Business,18750,decisionmakerboughtin,Decision Maker Bought-In,default,New Business,Inbound - Content,Alicia Ferreira,2025-06-06 18:15:00,2027-01-06 00:00:00,false,false,2025-06-06 18:15:00,2025-07-31 07:15:00,2025-08-18 19:15:00,2025-10-08 04:15:00,,,,2025-10-08 04:15:00
6100001582,Lumen Diagnostics - New Business,126250,decisionmakerboughtin,Decision Maker Bought-In,default,New Business,Outbound - SDR,Dana Whitfield,2025-01-18 17:00:00,2026-09-28 00:00:00,false,false,2025-01-18 17:00:00,,2025-01-23 17:00:00,2025-02-02 05:00:00,,,,2025-02-02 05:00:00
6100001592,Saltmarsh Marine - New Business,72750,closedwon,Closed Won,default,New Business,Outbound - SDR,Priya Raghunathan,2025-09-25 16:15:00,2025-11-25 22:15:00,true,true,2025-09-25 16:15:00,2025-10-09 00:15:00,2025-10-24 08:15:00,2025-11-03 10:15:00,2025-11-16 20:15:00,2025-11-25 22:15:00,,2025-11-25 22:15:00
6100001599,Alder Creek Brewing - New Business,28750,closedlost,Closed Lost,default,New Business,Outbound - SDR,Kenji Watanabe,2025-09-12 11:15:00,2025-11-24 20:15:00,true,false,2025-09-12 11:15:00,2025-09-19 12:15:00,2025-10-01 07:15:00,2025-10-14 07:15:00,2025-11-02 11:15:00,,2025-11-24 20:15:00,2025-11-24 20:15:00
6100001603,Solvent Bio - Renewal,155500,qualifiedtobuy,Qualified To Buy,default,Renewal,Inbound - Partner Referral,Alicia Ferreira,2026-07-14 10:45:00,2026-10-02 00:00:00,false,false,2026-07-14 10:45:00,2026-07-27 17:45:00,,,,,,2026-07-27 17:45:00
6100001610,Ember Financial - New Business,127000,presentationscheduled,Presentation Scheduled,default,New Business,Inbound - Demo Request,Dana Whitfield,2025-04-05 14:30:00,2026-08-06 00:00:00,false,false,2025-04-05 14:30:00,2025-04-29 11:30:00,2025-06-04 14:30:00,,,,,2025-06-04 14:30:00
6100001620,Marlowe Legal - New Business,24750,closedlost,Closed Lost,default,New Business,Inbound - Content,Tom Bergstrom,2026-05-14 12:45:00,2026-07-09 00:45:00,true,false,2026-05-14 12:45:00,2026-05-21 06:45:00,2026-05-30 08:45:00,2026-06-17 20:45:00,2026-06-20 21:45:00,,2026-07-09 00:45:00,2026-07-09 00:45:00
6100001626,Ferrous Labs - New Business,41750,contractsent,Contract Sent,default,New Business,Inbound - Content,Marcus Oyelaran,2026-05-27 13:00:00,2026-09-17 00:00:00,false,false,,,,2026-05-27 13:00:00,2026-06-04 22:00:00,,,2026-06-04 22:00:00
6100001632,Cascade Analytics - New Business,44750,contractsent,Contract Sent,default,New Business,Inbound - Demo Request,Tom Bergstrom,2026-02-26 17:45:00,2026-09-25 00:00:00,false,false,2026-02-26 17:45:00,,2026-03-06 13:45:00,2026-03-22 12:45:00,2026-04-10 13:45:00,,,2026-04-10 13:45:00
6100001639,Granite Peak Insurance - Expansion,56000,closedlost,Closed Lost,default,Expansion,Inbound - Partner Referral,Alicia Ferreira,2026-06-09 16:00:00,2026-08-20 00:00:00,true,false,2026-06-09 16:00:00,2026-06-26 14:00:00,2026-07-13 06:00:00,2026-07-27 11:00:00,2026-08-15 01:00:00,,2026-08-20 00:00:00,2026-08-20 00:00:00
6100001646,Saltmarsh Marine - New Business,144750,presentationscheduled,Presentation Scheduled,default,New Business,Inbound - Partner Referral,Alicia Ferreira,2025-11-22 10:45:00,2026-10-29 00:00:00,false,false,2025-11-22 10:45:00,,2025-11-30 23:45:00,,,,,2025-11-30 23:45:00
6100001655,Dunmore Textiles - New Business,40500,closedlost,Closed Lost,default,New Business,Event,Priya Raghunathan,2025-02-18 15:45:00,2025-04-10 21:45:00,true,false,2025-02-18 15:45:00,2025-02-25 11:45:00,2025-03-02 11:45:00,2025-03-19 23:45:00,2025-04-05 21:45:00,,2025-04-10 21:45:00,2025-04-10 21:45:00
6100001659,Umbra Security - New Business,132000,closedwon,Closed Won,default,New Business,Event,Kenji Watanabe,2025-08-26 18:00:00,2025-10-08 11:00:00,true,true,2025-08-26 18:00:00,,2025-09-08 07:00:00,2025-09-12 12:00:00,2025-09-16 04:00:00,2025-10-08 11:00:00,,2025-10-08 11:00:00
6100001669,Ember Financial - New Business,30250,closedlost,Closed Lost,default,New Business,Inbound - Content,Priya Raghunathan,2026-06-21 12:00:00,2026-08-18 19:00:00,true,false,2026-06-21 12:00:00,2026-07-04 07:00:00,2026-07-08 06:00:00,2026-07-26 18:00:00,2026-08-09 05:00:00,,2026-08-18 19:00:00,2026-08-18 19:00:00
6100001675,Arclight Systems - New Business,109750,contractsent,Contract Sent,default,New Business,Outbound - SDR,Alicia Ferreira,2026-04-12 17:00:00,2026-12-15 00:00:00,false,false,,,2026-04-12 17:00:00,2026-04-29 04:00:00,2026-05-02 22:00:00,,,2026-05-02 22:00:00
6100001680,Cascade Analytics - Expansion,27750,contractsent,Contract Sent,default,Expansion,Outbound - Founder,Marcus Oyelaran,2026-06-09 11:00:00,2026-09-30 00:00:00,false,false,2026-06-09 11:00:00,2026-06-28 18:00:00,2026-07-08 13:00:00,2026-07-25 12:00:00,2026-08-07 00:00:00,,,2026-08-07 00:00:00
6100001687,Lumen Diagnostics - Renewal,139500,closedlost,Closed Lost,default,Renewal,Event,Kenji Watanabe,2026-04-23 16:45:00,2026-06-07 07:45:00,true,false,2026-04-23 16:45:00,,2026-05-05 11:45:00,2026-05-24 16:45:00,2026-05-28 11:45:00,,2026-06-07 07:45:00,2026-06-07 07:45:00
6100001697,Anvil Retail - New Business,81500,closedlost,Closed Lost,default,New Business,Outbound - SDR,Dana Whitfield,2026-07-21 13:30:00,2026-08-24 04:30:00,true,false,2026-07-21 13:30:00,2026-07-26 05:30:00,2026-08-01 08:30:00,2026-08-05 00:30:00,2026-08-11 15:30:00,,2026-08-24 04:30:00,2026-08-24 04:30:00
6100001701,Quarry Digital - New Business,139750,closedlost,Closed Lost,default,New Business,Inbound - Content,Kenji Watanabe,2025-07-03 10:00:00,2025-08-23 12:00:00,true,false,2025-07-03 10:00:00,,2025-07-10 11:00:00,2025-07-21 00:00:00,2025-07-27 01:00:00,,2025-08-23 12:00:00,2025-08-23 12:00:00
6100001709,Saltmarsh Marine - Expansion,44750,closedlost,Closed Lost,default,Expansion,Inbound - Demo Request,Kenji Watanabe,2026-01-03 10:00:00,2026-02-22 10:00:00,true,false,2026-01-03 10:00:00,,2026-01-10 00:00:00,2026-01-19 10:00:00,2026-02-04 03:00:00,,2026-02-22 10:00:00,2026-02-22 10:00:00
6100001716,Solvent Bio - Expansion,13500,closedwon,Closed Won,default,Expansion,Inbound - Demo Request,Priya Raghunathan,2026-01-22 15:15:00,2026-03-11 15:15:00,true,true,2026-01-22 15:15:00,,2026-01-27 01:15:00,2026-02-17 00:15:00,2026-02-22 22:15:00,2026-03-11 15:15:00,,2026-03-11 15:15:00
6100001722,Vantage Point Realty - Expansion,40500,closedwon,Closed Won,default,Expansion,Inbound - Partner Referral,Dana Whitfield,2026-04-10 13:00:00,2026-06-10 11:00:00,true,true,2026-04-10 13:00:00,,2026-04-24 05:00:00,2026-05-10 08:00:00,2026-05-24 04:00:00,2026-06-10 11:00:00,,2026-06-10 11:00:00
6100001730,Ferrous Labs - New Business,123500,closedlost,Closed Lost,default,New Business,Outbound - SDR,Alicia Ferreira,2026-06-05 11:45:00,2026-07-15 01:45:00,true,false,2026-06-05 11:45:00,2026-06-19 01:45:00,2026-06-21 01:45:00,2026-06-24 14:45:00,2026-07-11 05:45:00,,2026-07-15 01:45:00,2026-07-15 01:45:00
6100001738,Copperline Energy - New Business,50250,closedlost,Closed Lost,default,New Business,Inbound - Partner Referral,Dana Whitfield,2025-09-10 11:30:00,2025-12-06 12:30:00,true,false,2025-09-10 11:30:00,2025-10-01 09:30:00,2025-10-10 23:30:00,2025-10-21 21:30:00,2025-11-08 04:30:00,,2025-12-06 12:30:00,2025-12-06 12:30:00
6100001745,Granite Peak Insurance - New Business,50500,closedlost,Closed Lost,default,New Business,Inbound - Partner Referral,Kenji Watanabe,2025-08-16 18:45:00,2025-10-10 05:45:00,true,false,2025-08-16 18:45:00,2025-09-02 14:45:00,2025-09-12 03:45:00,2025-09-14 08:45:00,2025-09-23 00:45:00,,2025-10-10 05:45:00,2025-10-10 05:45:00
6100001752,Copperline Energy - Expansion,16750,closedwon,Closed Won,default,Expansion,Event,Dana Whitfield,2025-10-23 15:00:00,2026-01-05 14:00:00,true,true,2025-10-23 15:00:00,,2025-11-03 05:00:00,2025-11-22 09:00:00,2025-12-08 15:00:00,2026-01-05 14:00:00,,2026-01-05 14:00:00
6100001758,Oakhurst Foods - Renewal,69750,qualifiedtobuy,Qualified To Buy,default,Renewal,Inbound - Content,Dana Whitfield,2026-06-16 17:45:00,2026-04-02 00:00:00,false,false,2026-06-16 17:45:00,2026-08-07 20:45:00,,,,,,2026-08-07 20:45:00
6100001764,Harborview Media - Expansion,35750,closedlost,Closed Lost,default,Expansion,Inbound - Content,Marcus Oyelaran,2026-06-02 12:30:00,2026-09-06 10:30:00,true,false,2026-06-02 12:30:00,2026-06-18 04:30:00,2026-07-06 17:30:00,2026-07-27 08:30:00,2026-08-12 23:30:00,,2026-09-06 10:30:00,2026-09-06 10:30:00
6100001771,Ferrous Labs - New Business,107500,closedwon,Closed Won,default,New Business,Outbound - Founder,Marcus Oyelaran,2025-05-12 08:00:00,2025-06-15 21:00:00,true,true,2025-05-12 08:00:00,,2025-05-17 18:00:00,2025-05-29 08:00:00,2025-05-31 10:00:00,2025-06-15 21:00:00,,2025-06-15 21:00:00
6100001780,Vantage Point Realty - Renewal,71250,closedlost,Closed Lost,default,Renewal,Outbound - Founder,Dana Whitfield,2025-02-21 17:15:00,2025-05-05 09:15:00,true,false,2025-02-21 17:15:00,2025-03-13 07:15:00,2025-03-28 17:15:00,2025-04-01 18:15:00,2025-04-15 07:15:00,,2025-05-05 09:15:00,2025-05-05 09:15:00
6100001788,Ridgeline Robotics - Expansion,37250,contractsent,Contract Sent,default,Expansion,Outbound - SDR,Tom Bergstrom,2025-09-24 18:30:00,2026-12-24 00:00:00,false,false,2025-09-24 18:30:00,,2025-10-15 14:30:00,2025-10-30 12:30:00,2025-11-11 21:30:00,,,2025-11-11 21:30:00
6100001793,Granite Peak Insurance - Expansion,53000,presentationscheduled,Presentation Scheduled,default,Expansion,Inbound - Demo Request,Marcus Oyelaran,2026-07-02 08:00:00,2026-12-19 00:00:00,false,false,2026-07-02 08:00:00,2026-07-18 11:00:00,2026-07-26 14:00:00,,,,,2026-07-26 14:00:00
6100001799,Nimbus Storage - New Business,31500,qualifiedtobuy,Qualified To Buy,default,New Business,Outbound - Founder,Marcus Oyelaran,2026-05-16 11:45:00,2026-09-18 00:00:00,false,false,2026-05-16 11:45:00,2026-05-20 07:45:00,,,,,,2026-05-20 07:45:00
6100001809,Arclight Systems - New Business,55500,closedlost,Closed Lost,default,New Business,Outbound - SDR,Kenji Watanabe,2025-03-23 10:45:00,2025-05-17 23:45:00,true,false,2025-03-23 10:45:00,2025-03-31 21:45:00,2025-04-10 18:45:00,2025-04-29 08:45:00,2025-05-05 12:45:00,,2025-05-17 23:45:00,2025-05-17 23:45:00
6100001815,Vantage Point Realty - New Business,113500,closedwon,Closed Won,default,New Business,Outbound - Founder,Tom Bergstrom,2025-11-28 08:45:00,2026-01-28 20:45:00,true,true,2025-11-28 08:45:00,2025-12-07 04:45:00,2025-12-13 20:45:00,2025-12-28 15:45:00,2026-01-07 23:45:00,2026-01-28 20:45:00,,2026-01-28 20:45:00
6100001821,Xylem Networks - New Business,144500,closedlost,Closed Lost,default,New Business,Inbound - Partner Referral,Alicia Ferreira,2026-06-28 18:15:00,2026-06-29 05:15:00,true,false,2026-06-28 18:15:00,2026-06-28 19:15:00,2026-06-28 20:15:00,2026-06-29 01:15:00,2026-06-29 03:15:00,,2026-06-29 05:15:00,2026-06-29 05:15:00
6100001827,Dunmore Textiles - New Business,60000,closedlost,Closed Lost,default,New Business,Inbound - Demo Request,Alicia Ferreira,2026-06-11 00:00:00,2026-08-29 00:00:00,true,false,2026-06-11 00:00:00,2026-06-18 00:00:00,2026-07-07 09:00:00,2026-07-19 14:00:00,2026-07-30 05:00:00,,2026-08-29 00:00:00,2026-08-29 00:00:00
6100001837,Yarrow Nutrition - New Business,126250,closedlost,Closed Lost,default,New Business,Inbound - Demo Request,Priya Raghunathan,2025-01-16 08:45:00,2025-03-15 21:45:00,true,false,2025-01-16 08:45:00,2025-01-27 09:45:00,2025-01-31 01:45:00,2025-02-06 16:45:00,2025-02-16 15:45:00,,2025-03-15 21:45:00,2025-03-15 21:45:00
6100001844,Solvent Bio - New Business,89250,closedlost,Closed Lost,default,New Business,Inbound - Content,Dana Whitfield,2025-10-07 14:45:00,2025-11-23 18:45:00,true,false,2025-10-07 14:45:00,2025-10-15 04:45:00,2025-10-21 20:45:00,2025-10-24 00:45:00,2025-11-08 17:45:00,,2025-11-23 18:45:00,2025-11-23 18:45:00
6100001851,Ironwood Capital - New Business,84500,closedwon,Closed Won,default,New Business,Inbound - Partner Referral,Dana Whitfield,2026-07-12 13:00:00,2026-08-18 18:00:00,true,true,2026-07-12 13:00:00,,2026-07-18 03:00:00,2026-07-22 17:00:00,2026-08-06 12:00:00,2026-08-18 18:00:00,,2026-08-18 18:00:00
6100001856,Arclight Systems - Expansion,7500,closedlost,Closed Lost,default,Expansion,Inbound - Demo Request,Tom Bergstrom,2025-11-20 10:15:00,2026-01-27 05:15:00,true,false,2025-11-20 10:15:00,2025-12-09 09:15:00,2025-12-15 19:15:00,2025-12-23 07:15:00,2026-01-10 05:15:00,,2026-01-27 05:15:00,2026-01-27 05:15:00
6100001862,Ferrous Labs - Expansion,48000,qualifiedtobuy,Qualified To Buy,default,Expansion,Outbound - SDR,Marcus Oyelaran,2025-12-02 11:30:00,2026-12-23 00:00:00,false,false,2025-12-02 11:30:00,2025-12-22 22:30:00,,,,,,2025-12-22 22:30:00
6100001872,Arclight Systems - New Business,136500,closedwon,Closed Won,default,New Business,Inbound - Demo Request,Kenji Watanabe,2025-05-19 12:30:00,2025-07-20 16:30:00,true,true,2025-05-19 12:30:00,,2025-06-06 02:30:00,2025-06-09 18:30:00,2025-06-23 10:30:00,2025-07-20 16:30:00,,2025-07-20 16:30:00
6100001876,Foxglove Design - Expansion,53500,decisionmakerboughtin,Decision Maker Bought-In,default,Expansion,Inbound - Demo Request,Alicia Ferreira,2026-04-07 16:15:00,2026-04-21 00:00:00,false,false,2026-04-07 16:15:00,2026-05-09 10:15:00,2026-05-25 23:15:00,2026-07-17 15:15:00,,,,2026-07-17 15:15:00
6100001885,Juniper Cloud - New Business,28250,closedlost,Closed Lost,default,New Business,Outbound - SDR,Alicia Ferreira,2026-03-23 18:45:00,2026-05-07 19:45:00,true,false,2026-03-23 18:45:00,2026-03-31 22:45:00,2026-04-06 02:45:00,2026-04-17 00:45:00,2026-04-25 04:45:00,,2026-05-07 19:45:00,2026-05-07 19:45:00
6100001892,Umbra Security - New Business,144000,closedlost,Closed Lost,default,New Business,Inbound - Content,Tom Bergstrom,2025-03-22 17:15:00,2025-05-05 05:15:00,true,false,2025-03-22 17:15:00,2025-04-03 12:15:00,2025-04-08 02:15:00,2025-04-11 12:15:00,2025-04-23 11:15:00,,2025-05-05 05:15:00,2025-05-05 05:15:00
6100001900,Thornbury Group - New Business,110500,closedwon,Closed Won,default,New Business,Inbound - Partner Referral,Marcus Oyelaran,2026-02-23 11:45:00,2026-05-01 05:45:00,true,true,2026-02-23 11:45:00,2026-03-05 23:45:00,2026-03-11 14:45:00,2026-03-24 01:45:00,2026-04-06 15:45:00,2026-05-01 05:45:00,,2026-05-01 05:45:00
6100001905,Redwood Telecom - New Business,101500,closedlost,Closed Lost,default,New Business,Outbound - SDR,Alicia Ferreira,2025-03-18 11:45:00,2025-05-22 04:45:00,true,false,2025-03-18 11:45:00,2025-03-22 23:45:00,2025-04-04 06:45:00,2025-04-16 01:45:00,2025-04-30 12:45:00,,2025-05-22 04:45:00,2025-05-22 04:45:00
6100001912,Pinnacle Staffing - New Business,10750,closedlost,Closed Lost,default,New Business,Inbound - Content,Tom Bergstrom,2025-03-16 17:45:00,2025-06-02 10:45:00,true,false,2025-03-16 17:45:00,2025-03-26 00:45:00,2025-04-12 02:45:00,2025-04-17 20:45:00,2025-05-07 18:45:00,,2025-06-02 10:45:00,2025-06-02 10:45:00
6100001919,Meridian Freight - New Business,65750,closedlost,Closed Lost,default,New Business,Outbound - SDR,Marcus Oyelaran,2025-08-21 15:15:00,2025-09-11 15:15:00,true,false,,,,,2025-08-21 15:15:00,,2025-09-11 15:15:00,2025-09-11 15:15:00
6100001925,Saltmarsh Marine - New Business,18500,closedwon,Closed Won,default,New Business,Inbound - Content,Dana Whitfield,2025-08-29 08:30:00,2025-11-09 01:30:00,true,true,2025-08-29 08:30:00,2025-09-13 08:30:00,2025-09-23 04:30:00,2025-09-26 23:30:00,2025-10-17 03:30:00,2025-11-09 01:30:00,,2025-11-09 01:30:00
6100001932,Vantage Point Realty - New Business,63500,closedlost,Closed Lost,default,New Business,Outbound - SDR,Priya Raghunathan,2025-05-06 12:15:00,2025-07-04 01:15:00,true,false,2025-05-01 12:15:00,2025-05-22 15:15:00,2025-06-11 09:15:00,2025-06-16 16:15:00,2025-06-26 15:15:00,,2025-07-04 01:15:00,2025-07-04 01:15:00
6100001941,Meridian Freight - Renewal,152000,presentationscheduled,Presentation Scheduled,default,Renewal,Inbound - Partner Referral,Marcus Oyelaran,2025-03-25 08:30:00,2026-11-18 00:00:00,false,false,2025-03-25 08:30:00,2025-04-08 03:30:00,2025-04-25 00:30:00,,,,,2025-04-25 00:30:00
6100001949,Westfall Automotive - Renewal,54750,presentationscheduled,Presentation Scheduled,default,Renewal,Outbound - SDR,Alicia Ferreira,2025-11-29 10:00:00,2026-12-12 00:00:00,false,false,2025-11-29 10:00:00,2025-12-02 02:00:00,2025-12-21 04:00:00,,,,,2025-12-21 04:00:00
6100001954,Kestrel Manufacturing - Renewal,24750,closedwon,Closed Won,default,Renewal,Inbound - Demo Request,Priya Raghunathan,2026-02-09 16:15:00,2026-03-27 15:15:00,true,true,2026-02-09 16:15:00,2026-02-12 16:15:00,2026-02-18 04:15:00,2026-02-22 21:15:00,2026-03-11 18:15:00,2026-03-27 15:15:00,,2026-03-27 15:15:00
6100001963,Nimbus Storage - Renewal,160250,closedwon,Closed Won,default,Renewal,Inbound - Partner Referral,Dana Whitfield,2025-04-18 18:15:00,2025-06-05 05:15:00,true,true,2025-04-18 18:15:00,,2025-05-07 11:15:00,2025-05-16 19:15:00,2025-05-25 02:15:00,2025-06-05 05:15:00,,2025-06-05 05:15:00
6100001967,Zephyr Aviation - New Business,101000,presentationscheduled,Presentation Scheduled,default,New Business,Outbound - Founder,Dana Whitfield,2026-02-14 10:45:00,2026-10-31 00:00:00,false,false,2026-02-14 10:45:00,2026-02-18 03:45:00,2026-03-04 07:45:00,,,,,2026-03-04 07:45:00
6100001975,Anvil Retail - Expansion,40500,closedlost,Closed Lost,default,Expansion,Outbound - SDR,Tom Bergstrom,2025-09-30 09:30:00,2025-12-05 12:30:00,true,false,2025-09-30 09:30:00,2025-10-14 09:30:00,2025-09-16 09:30:00,2025-11-10 05:30:00,2025-11-14 19:30:00,,2025-12-05 12:30:00,2025-12-05 12:30:00
6100001981,Meridian Freight - New Business,17750,closedwon,Closed Won,default,New Business,Inbound - Content,Alicia Ferreira,2025-11-24 11:15:00,2026-01-19 08:15:00,true,true,2025-11-24 11:15:00,2025-11-27 19:15:00,2025-12-09 08:15:00,2025-12-24 14:15:00,2026-01-10 19:15:00,2026-01-19 08:15:00,,2026-01-19 08:15:00
6100001988,Cinder Interactive - New Business,121500,closedlost,Closed Lost,default,New Business,Inbound - Partner Referral,Alicia Ferreira,2026-06-15 13:00:00,2026-09-03 00:00:00,true,false,2026-06-15 13:00:00,,2026-07-05 15:00:00,2026-07-19 02:00:00,2026-08-05 09:00:00,,2026-09-03 00:00:00,2026-09-03 00:00:00
6100001997,Blackstone Tooling - New Business,55750,closedlost,Closed Lost,default,New Business,Inbound - Partner Referral,Dana Whitfield,2026-07-08 00:00:00,2026-08-09 00:00:00,true,false,2026-07-08 00:00:00,,2026-07-10 16:00:00,2026-07-15 21:00:00,2026-07-29 10:00:00,,2026-08-09 00:00:00,2026-08-09 00:00:00
6100002002,Thornbury Group - Renewal,52500,closedlost,Closed Lost,default,Renewal,Event,Tom Bergstrom,2025-03-15 08:30:00,2025-05-11 09:30:00,true,false,2025-03-15 08:30:00,2025-03-26 20:30:00,2025-05-02 15:30:00,2025-04-23 17:30:00,2025-04-13 07:30:00,,2025-05-11 09:30:00,2025-05-11 09:30:00
6100002009,Meridian Freight - New Business,45500,closedlost,Closed Lost,default,New Business,Inbound - Demo Request,Dana Whitfield,2026-01-07 10:45:00,2026-03-22 04:45:00,true,false,2026-01-07 10:45:00,2026-01-18 02:45:00,2026-01-23 14:45:00,2026-02-10 10:45:00,2026-02-21 09:45:00,,2026-03-22 04:45:00,2026-03-22 04:45:00
6100002018,Xylem Networks - Expansion,21250,decisionmakerboughtin,Decision Maker Bought-In,default,Expansion,Inbound - Partner Referral,Alicia Ferreira,2025-06-08 08:15:00,2026-08-11 00:00:00,false,false,2025-06-08 08:15:00,2025-07-22 03:15:00,2025-08-11 12:15:00,2025-09-23 11:15:00,,,,2025-09-23 11:15:00
6100002023,Tessellate - Expansion,34750,decisionmakerboughtin,Decision Maker Bought-In,default,Expansion,Outbound - SDR,Dana Whitfield,2026-03-06 18:00:00,2026-09-15 00:00:00,false,false,2026-03-06 18:00:00,2026-04-03 19:00:00,2026-05-16 17:00:00,2026-06-18 17:00:00,,,,2026-06-18 17:00:00
6100002030,Blackstone Tooling - New Business,17250,contractsent,Contract Sent,default,New Business,Inbound - Demo Request,Marcus Oyelaran,2025-04-21 13:45:00,2026-11-15 00:00:00,false,false,,,,2025-04-21 13:45:00,2025-05-01 15:45:00,,,2025-05-01 15:45:00
6100002038,Halcyon Devices - Renewal,64250,closedlost,Closed Lost,default,Renewal,Event,Tom Bergstrom,2025-12-25 16:45:00,2026-02-12 15:45:00,true,false,2025-12-25 16:45:00,2026-01-07 09:45:00,2026-01-31 02:45:00,2026-01-17 14:45:00,2026-02-06 00:45:00,,2026-02-12 15:45:00,2026-02-12 15:45:00
6100002046,Westfall Automotive - Expansion,49250,qualifiedtobuy,Qualified To Buy,default,Expansion,Inbound - Demo Request,Tom Bergstrom,2026-03-16 09:30:00,2026-09-20 00:00:00,false,false,2026-03-16 09:30:00,2026-03-26 13:30:00,,,,,,2026-03-26 13:30:00
6100002051,Umbra Security - Expansion,29250,closedlost,Closed Lost,default,Expansion,Outbound - Founder,Kenji Watanabe,2025-06-10 08:45:00,2025-09-01 08:45:00,true,false,2025-06-10 08:45:00,2025-06-17 21:45:00,2025-06-26 11:45:00,2025-07-15 22:45:00,2025-08-03 18:45:00,,2025-09-01 08:45:00,2025-09-01 08:45:00
6100002059,Harborview Media - New Business,131750,closedwon,Closed Won,default,New Business,Inbound - Partner Referral,Dana Whitfield,2025-09-26 11:00:00,2025-11-23 18:00:00,true,true,2025-09-26 11:00:00,,2025-10-11 23:00:00,2025-10-28 05:00:00,2025-11-07 08:00:00,2025-11-23 18:00:00,,2025-11-23 18:00:00
6100002068,Ember Financial - Renewal,31750,closedlost,Closed Lost,default,Renewal,Outbound - SDR,Dana Whitfield,2026-01-09 10:30:00,2026-03-15 11:30:00,true,false,2026-01-09 10:30:00,2026-02-01 11:30:00,2026-01-22 23:30:00,2026-02-11 22:30:00,2026-02-21 06:30:00,,2026-03-15 11:30:00,2026-03-15 11:30:00
6100002075,Northwind Logistics - New Business,117500,closedlost,Closed Lost,default,New Business,Event,Alicia Ferreira,2026-02-14 15:30:00,2026-05-16 08:30:00,true,false,2026-02-14 15:30:00,2026-03-01 13:30:00,2026-03-22 00:30:00,2026-04-06 18:30:00,2026-04-21 02:30:00,,2026-05-16 08:30:00,2026-05-16 08:30:00
6100002081,Yarrow Nutrition - New Business,52000,closedlost,Closed Lost,default,New Business,Inbound - Content,Alicia Ferreira,2026-01-17 10:00:00,2026-01-18 02:00:00,true,false,2026-01-17 10:00:00,2026-01-17 16:00:00,2026-01-17 19:00:00,2026-01-17 20:00:00,2026-01-18 01:00:00,,2026-01-18 02:00:00,2026-01-18 02:00:00
6100002088,Brightpath Health - New Business,76750,closedlost,Closed Lost,default,New Business,Outbound - Founder,Marcus Oyelaran,2026-02-12 08:45:00,2026-04-21 06:45:00,true,false,2026-02-12 08:45:00,2026-02-19 16:45:00,2026-03-10 05:45:00,2026-03-28 04:45:00,2026-04-03 20:45:00,,2026-04-21 06:45:00,2026-04-21 06:45:00
6100002095,Anvil Retail - Expansion,35750,closedlost,Closed Lost,default,Expansion,Event,Alicia Ferreira,2026-01-13 18:45:00,2026-03-19 03:45:00,true,false,2026-01-13 18:45:00,2026-01-28 11:45:00,2026-02-07 07:45:00,2026-02-11 19:45:00,2026-02-25 18:45:00,,2026-03-19 03:45:00,2026-03-19 03:45:00
6100002102,Foxglove Design - New Business,12000,contractsent,Contract Sent,default,New Business,Outbound - SDR,Tom Bergstrom,2025-10-04 11:00:00,2026-12-24 00:00:00,false,false,,,2025-10-04 11:00:00,2025-10-20 13:00:00,2025-11-01 00:00:00,,,2025-11-01 00:00:00
6100002110,Dunmore Textiles - New Business,68500,presentationscheduled,Presentation Scheduled,default,New Business,Inbound - Content,Dana Whitfield,2026-03-13 14:00:00,2027-01-04 00:00:00,false,false,2026-03-13 14:00:00,,2026-03-16 14:00:00,,,,,2026-03-16 14:00:00
6100002114,Ember Financial - New Business,41500,closedlost,Closed Lost,default,New Business,Inbound - Demo Request,Priya Raghunathan,2025-11-14 11:00:00,2025-12-26 15:00:00,true,false,2025-11-14 11:00:00,2025-11-22 07:00:00,2025-12-03 15:00:00,2025-12-06 18:00:00,2025-12-22 22:00:00,,2025-12-26 15:00:00,2025-12-26 15:00:00
6100002122,Nimbus Storage - New Business,137500,closedlost,Closed Lost,default,New Business,Inbound - Content,Dana Whitfield,2025-06-06 14:00:00,2025-06-07 07:00:00,true,false,2025-06-06 14:00:00,2025-06-06 15:00:00,2025-06-06 16:00:00,2025-06-06 22:00:00,2025-06-07 04:00:00,,2025-06-07 07:00:00,2025-06-07 07:00:00
6100002128,Anvil Retail - Expansion,27500,contractsent,Contract Sent,default,Expansion,Inbound - Demo Request,Kenji Watanabe,2025-01-31 14:30:00,2026-12-19 00:00:00,false,false,2025-01-31 14:30:00,,2025-02-05 03:30:00,2025-02-24 00:30:00,2025-03-10 01:30:00,,,2025-03-10 01:30:00
6100002138,Anvil Retail - New Business,108750,closedlost,Closed Lost,default,New Business,Inbound - Content,Priya Raghunathan,2025-12-20 08:00:00,2026-02-16 22:00:00,true,false,2025-12-20 08:00:00,2025-12-24 11:00:00,2025-12-27 13:00:00,2026-01-13 02:00:00,2026-01-18 17:00:00,,2026-02-16 22:00:00,2026-02-16 22:00:00
6100002145,Dunmore Textiles - Expansion,51750,closedlost,Closed Lost,default,Expansion,Inbound - Demo Request,Tom Bergstrom,2025-03-28 10:30:00,2025-05-29 08:30:00,true,false,2025-03-28 10:30:00,2025-04-14 02:30:00,2025-04-25 07:30:00,2025-04-30 10:30:00,2025-05-04 09:30:00,,2025-05-29 08:30:00,2025-05-29 08:30:00
6100002150,Thornbury Group - New Business,61250,closedlost,Closed Lost,default,New Business,Inbound - Demo Request,Marcus Oyelaran,2026-06-24 11:45:00,2026-08-20 18:45:00,true,false,2026-06-24 11:45:00,2026-07-15 08:45:00,2026-08-02 03:45:00,2026-08-15 00:45:00,2026-08-17 17:45:00,,2026-08-20 18:45:00,2026-08-20 18:45:00
6100002157,Dunmore Textiles - New Business,38750,closedlost,Closed Lost,default,New Business,Event,Kenji Watanabe,2026-04-21 09:00:00,2026-07-22 08:00:00,true,false,2026-04-21 09:00:00,2026-05-05 14:00:00,2026-05-20 14:00:00,2026-06-09 19:00:00,2026-06-29 16:00:00,,2026-07-22 08:00:00,2026-07-22 08:00:00
6100002165,Cinder Interactive - New Business,83000,closedlost,Closed Lost,default,New Business,Inbound - Partner Referral,Tom Bergstrom,2025-04-18 12:45:00,2025-06-13 03:45:00,true,false,2025-04-18 12:45:00,2025-04-27 21:45:00,2025-05-18 04:45:00,2025-05-20 15:45:00,2025-03-24 12:45:00,,2025-06-13 03:45:00,2025-06-13 03:45:00
6100002173,Nimbus Storage - New Business,50000,closedlost,Closed Lost,default,New Business,Inbound - Content,Dana Whitfield,2026-01-08 12:15:00,2026-03-11 06:15:00,true,false,2026-01-08 12:15:00,2026-01-12 18:15:00,2026-01-18 14:15:00,2026-02-07 05:15:00,2026-02-15 08:15:00,,2026-03-11 06:15:00,2026-03-11 06:15:00
6100002179,Halcyon Devices - New Business,68000,closedwon,Closed Won,default,New Business,Outbound - SDR,Alicia Ferreira,2025-12-10 09:45:00,2026-03-04 06:45:00,true,true,2025-12-10 09:45:00,2025-12-26 07:45:00,2026-01-06 09:45:00,2026-01-18 13:45:00,2026-02-05 23:45:00,2026-03-04 06:45:00,,2026-03-04 06:45:00
6100002186,Lumen Diagnostics - New Business,68750,closedwon,Closed Won,default,New Business,Inbound - Partner Referral,Marcus Oyelaran,2025-04-23 08:15:00,2025-06-11 07:15:00,true,true,2025-04-23 08:15:00,2025-05-01 00:15:00,2025-05-18 12:15:00,2025-05-29 19:15:00,2025-06-06 09:15:00,2025-06-11 07:15:00,,2025-06-11 07:15:00
6100002194,Quillon Software - New Business,105750,closedwon,Closed Won,default,New Business,Inbound - Demo Request,Dana Whitfield,2026-04-15 12:15:00,2026-06-13 13:15:00,true,true,2026-04-15 12:15:00,2026-04-23 12:15:00,2026-05-13 22:15:00,2026-05-24 22:15:00,2026-06-10 03:15:00,2026-06-13 13:15:00,,2026-06-13 13:15:00
6100002198,Meridian Freight - Renewal,180000,presentationscheduled,Presentation Scheduled,default,Renewal,Outbound - SDR,Marcus Oyelaran,2025-04-21 16:30:00,2027-01-03 00:00:00,false,false,2025-04-21 16:30:00,2025-05-11 03:30:00,2025-06-01 01:30:00,,,,,2025-06-01 01:30:00
6100002205,Umbra Security - New Business,112250,closedlost,Closed Lost,default,New Business,Inbound - Demo Request,Priya Raghunathan,2026-03-26 11:00:00,2026-04-12 09:00:00,true,false,,,,2026-03-26 11:00:00,2026-04-01 21:00:00,,2026-04-12 09:00:00,2026-04-12 09:00:00
6100002215,Harborview Media - Renewal,142750,closedwon,Closed Won,default,Renewal,Inbound - Content,Alicia Ferreira,2025-04-04 14:45:00,2025-04-05 10:45:00,true,true,2025-04-04 14:45:00,2025-04-04 19:45:00,2025-04-04 21:45:00,2025-04-05 00:45:00,2025-04-05 06:45:00,2025-04-05 10:45:00,,2025-04-05 10:45:00
6100002221,Oakhurst Foods - New Business,33000,closedwon,Closed Won,default,New Business,Inbound - Content,Kenji Watanabe,2025-01-22 12:15:00,2025-03-13 07:15:00,true,true,2025-01-22 12:15:00,,2025-01-26 06:15:00,2025-02-16 05:15:00,2025-02-22 21:15:00,2025-03-13 07:15:00,,2025-03-13 07:15:00
6100002229,Umbra Security - New Business,43250,closedlost,Closed Lost,default,New Business,Inbound - Content,Dana Whitfield,2026-01-13 15:30:00,2026-03-17 07:30:00,true,false,2026-01-13 15:30:00,2026-01-21 06:30:00,2026-02-02 15:30:00,2026-02-10 19:30:00,2026-02-17 03:30:00,,2026-03-17 07:30:00,2026-03-17 07:30:00
6100002233,Quillon Software - Renewal,94250,closedlost,Closed Lost,default,Renewal,Inbound - Partner Referral,Marcus Oyelaran,2025-02-13 11:15:00,2025-04-17 12:15:00,true,false,2025-02-13 11:15:00,2025-02-24 18:15:00,2025-03-17 06:15:00,2025-03-30 17:15:00,2025-04-13 16:15:00,,2025-04-17 12:15:00,2025-04-17 12:15:00
6100002243,Ridgeline Robotics - Renewal,175250,closedlost,Closed Lost,default,Renewal,Event,Marcus Oyelaran,2025-05-24 13:30:00,2025-08-16 00:30:00,true,false,2025-05-24 13:30:00,2025-05-29 00:30:00,2025-06-18 15:30:00,2025-07-08 22:30:00,2025-07-17 19:30:00,,2025-08-16 00:30:00,2025-08-16 00:30:00
6100002250,Northwind Logistics - New Business,116500,closedlost,Closed Lost,default,New Business,Outbound - Founder,Alicia Ferreira,2025-07-26 11:45:00,2025-09-26 19:45:00,true,false,2025-07-26 11:45:00,2025-08-06 15:45:00,2025-08-21 05:45:00,2025-08-23 15:45:00,2025-09-12 21:45:00,,2025-09-26 19:45:00,2025-09-26 19:45:00
6100002255,Redwood Telecom - New Business,98500,closedwon,Closed Won,default,New Business,Inbound - Demo Request,Dana Whitfield,2025-10-09 16:00:00,2025-11-27 21:00:00,true,true,2025-10-09 16:00:00,2025-09-24 16:00:00,2025-10-29 09:00:00,2025-11-11 22:00:00,2025-11-16 13:00:00,2025-11-27 21:00:00,,2025-11-27 21:00:00
6100002262,Dunmore Textiles - Expansion,51750,closedlost,Closed Lost,default,Expansion,Inbound - Partner Referral,Tom Bergstrom,2025-12-16 08:30:00,2026-02-20 18:30:00,true,false,2025-12-16 08:30:00,2025-12-28 06:30:00,2026-01-14 02:30:00,2026-01-18 21:30:00,2026-01-31 07:30:00,,2026-02-20 18:30:00,2026-02-20 18:30:00
6100002269,Nimbus Storage - Expansion,22500,closedlost,Closed Lost,default,Expansion,Inbound - Content,Tom Bergstrom,2025-02-13 15:30:00,2025-04-09 19:30:00,true,false,2025-02-13 15:30:00,2025-02-16 08:30:00,2025-02-19 20:30:00,2025-03-04 00:30:00,2025-03-21 10:30:00,,2025-04-09 19:30:00,2025-04-09 19:30:00
6100002278,Anvil Retail - New Business,91750,closedwon,Closed Won,default,New Business,Event,Marcus Oyelaran,2025-09-17 18:00:00,2025-11-20 04:00:00,true,true,2025-09-17 18:00:00,2025-09-22 00:00:00,2025-08-20 18:00:00,2025-10-11 18:00:00,2025-10-22 09:00:00,2025-11-20 04:00:00,,2025-11-20 04:00:00
6100002282,Ember Financial - New Business,19750,appointmentscheduled,Appointment Scheduled,default,New Business,Inbound - Demo Request,Kenji Watanabe,2026-05-29 13:00:00,2026-10-27 00:00:00,false,false,2026-05-29 13:00:00,,,,,,,2026-05-29 13:00:00
6100002290,Yarrow Nutrition - New Business,111500,closedlost,Closed Lost,default,New Business,Inbound - Content,Alicia Ferreira,2026-04-21 08:00:00,2026-06-05 09:00:00,true,false,2026-04-21 08:00:00,,2026-04-26 06:00:00,2026-05-15 11:00:00,2026-05-25 17:00:00,,2026-06-05 09:00:00,2026-06-05 09:00:00
6100002296,Xylem Networks - Expansion,48500,contractsent,Contract Sent,default,Expansion,Outbound - Founder,Kenji Watanabe,2026-05-05 12:30:00,2026-12-28 00:00:00,false,false,2026-05-05 12:30:00,,2026-05-17 19:30:00,2026-06-07 03:30:00,2026-06-13 17:30:00,,,2026-06-13 17:30:00
6100002303,Zephyr Aviation - Renewal,174500,decisionmakerboughtin,Decision Maker Bought-In,default,Renewal,Inbound - Content,Dana Whitfield,2026-04-02 09:30:00,2026-07-08 00:00:00,false,false,2026-04-02 09:30:00,2026-05-07 22:30:00,2026-05-30 12:30:00,2026-07-04 02:30:00,,,,2026-07-04 02:30:00
6100002312,Arclight Systems - Expansion,28000,decisionmakerboughtin,Decision Maker Bought-In,default,Expansion,Event,Alicia Ferreira,2025-07-08 13:15:00,2026-11-27 00:00:00,false,false,2025-07-08 13:15:00,,2025-07-13 19:15:00,2025-08-01 21:15:00,,,,2025-08-01 21:15:00
6100002320,Oakhurst Foods - Expansion,0,closedwon,Closed Won,default,Expansion,Outbound - Founder,Kenji Watanabe,2025-10-28 15:30:00,2026-01-04 18:30:00,true,true,2025-10-28 15:30:00,,2025-11-18 02:30:00,2025-11-25 13:30:00,2025-12-15 06:30:00,2026-01-04 18:30:00,,2026-01-04 18:30:00
6100002327,Northwind Logistics - New Business,98500,closedlost,Closed Lost,default,New Business,Inbound - Partner Referral,Priya Raghunathan,2025-11-29 11:00:00,2026-01-27 23:00:00,true,false,2025-11-29 11:00:00,2025-12-06 04:00:00,2025-12-26 08:00:00,2026-01-11 13:00:00,2026-01-16 03:00:00,,2026-01-27 23:00:00,2026-01-27 23:00:00
6100002331,Meridian Freight - New Business,83750,closedlost,Closed Lost,default,New Business,Outbound - Founder,Priya Raghunathan,2025-04-18 14:30:00,2025-06-21 06:30:00,true,false,2025-04-18 14:30:00,2025-05-08 07:30:00,2025-05-20 09:30:00,2025-05-30 23:30:00,2025-06-16 13:30:00,,2025-06-21 06:30:00,2025-06-21 06:30:00
6100002341,Juniper Cloud - Expansion,21000,closedlost,Closed Lost,default,Expansion,Inbound - Content,Dana Whitfield,2026-03-03 17:30:00,2026-05-29 21:30:00,true,false,2026-03-03 17:30:00,2026-03-21 03:30:00,2026-04-03 20:30:00,2026-04-15 23:30:00,2026-05-01 04:30:00,,2026-05-29 21:30:00,2026-05-29 21:30:00
6100002347,Foxglove Design - Expansion,35500,closedlost,Closed Lost,default,Expansion,Outbound - SDR,Alicia Ferreira,2025-06-10 14:30:00,2025-09-04 06:30:00,true,false,2025-06-10 14:30:00,2025-07-01 13:30:00,2025-07-14 03:30:00,2025-07-30 01:30:00,2025-08-13 05:30:00,,2025-09-04 06:30:00,2025-09-04 06:30:00
6100002353,Ferrous Labs - New Business,67250,closedlost,Closed Lost,default,New Business,Inbound - Demo Request,Kenji Watanabe,2026-06-14 17:30:00,2026-08-01 20:30:00,true,false,2026-06-14 17:30:00,,2026-06-30 18:30:00,2026-07-18 16:30:00,2026-07-28 07:30:00,,2026-08-01 20:30:00,2026-08-01 20:30:00
6100002362,Redwood Telecom - New Business,98000,closedlost,Closed Lost,default,New Business,Inbound - Content,Marcus Oyelaran,2026-04-18 18:15:00,2026-06-06 23:15:00,true,false,2026-04-18 18:15:00,2026-04-27 23:15:00,2026-05-15 20:15:00,2026-05-25 02:15:00,2026-05-29 22:15:00,,2026-06-06 23:15:00,2026-06-06 23:15:00
6100002368,Xylem Networks - New Business,107500,contractsent,Contract Sent,default,New Business,Inbound - Content,Dana Whitfield,2026-07-16 10:45:00,2026-12-11 00:00:00,false,false,2026-07-16 10:45:00,,2026-07-23 00:45:00,2026-08-11 09:45:00,2026-08-25 22:45:00,,,2026-08-25 22:45:00
6100002374,Redwood Telecom - Renewal,143250,closedlost,Closed Lost,default,Renewal,Outbound - Founder,Alicia Ferreira,2025-02-09 17:30:00,2025-05-04 22:30:00,true,false,2025-02-09 17:30:00,2025-02-14 20:30:00,2025-02-27 06:30:00,2025-03-19 16:30:00,2025-04-07 22:30:00,,2025-05-04 22:30:00,2025-05-04 22:30:00
6100002383,Quarry Digital - New Business,68750,closedwon,Closed Won,default,New Business,Inbound - Content,Priya Raghunathan,2026-03-26 13:30:00,2026-05-28 17:30:00,true,true,2026-03-26 13:30:00,2026-04-15 21:30:00,2026-05-03 12:30:00,2026-05-06 18:30:00,2026-05-10 22:30:00,2026-05-28 17:30:00,,2026-05-28 17:30:00
6100002387,Arclight Systems - Renewal,137500,closedlost,Closed Lost,default,Renewal,Inbound - Partner Referral,Dana Whitfield,2026-02-10 17:45:00,2026-03-10 06:45:00,true,false,,,,2026-02-10 17:45:00,2026-02-17 10:45:00,,2026-03-10 06:45:00,2026-03-10 06:45:00
6100002395,Copperline Energy - New Business,32000,closedwon,Closed Won,default,New Business,Inbound - Demo Request,Marcus Oyelaran,2026-06-03 07:00:00,2026-08-08 00:00:00,true,true,2026-06-03 07:00:00,2026-05-18 07:00:00,2026-06-25 11:00:00,2026-06-28 23:00:00,2026-07-09 18:00:00,2026-08-08 00:00:00,,2026-08-08 00:00:00
6100002402,Cinder Interactive - New Business,73000,closedlost,Closed Lost,default,New Business,Inbound - Partner Referral,Tom Bergstrom,2025-08-16 13:30:00,2025-10-26 04:30:00,true,false,2025-08-16 13:30:00,2025-08-30 12:30:00,2025-09-28 22:30:00,2025-09-23 09:30:00,2025-09-14 17:30:00,,2025-10-26 04:30:00,2025-10-26 04:30:00
6100002408,Dovetail HR - New Business,70250,contractsent,Contract Sent,default,New Business,Inbound - Demo Request,Alicia Ferreira,2025-03-14 10:15:00,2026-12-14 00:00:00,false,false,,,,,2025-03-14 10:15:00,,,2025-03-14 10:15:00
6100002415,Quillon Software - New Business,59250,closedlost,Closed Lost,default,New Business,Outbound - SDR,Dana Whitfield,2026-06-28 15:45:00,2026-07-14 16:45:00,true,false,,,,2026-06-28 15:45:00,2026-07-10 22:45:00,,2026-07-14 16:45:00,2026-07-14 16:45:00
6100002423,Tessellate - New Business,94250,closedlost,Closed Lost,default,New Business,Inbound - Demo Request,Alicia Ferreira,2026-02-19 14:15:00,2026-04-27 23:15:00,true,false,2026-02-19 14:15:00,2026-03-10 02:15:00,2026-03-22 07:15:00,2026-04-04 02:15:00,2026-04-23 10:15:00,,2026-04-27 23:15:00,2026-04-27 23:15:00
6100002429,Tessellate - Expansion,55500,qualifiedtobuy,Qualified To Buy,default,Expansion,Inbound - Demo Request,Alicia Ferreira,2025-07-20 08:15:00,2026-11-08 00:00:00,false,false,2025-07-20 08:15:00,2025-08-04 16:15:00,,,,,,2025-08-04 16:15:00
6100002438,Brightpath Health - Expansion,32250,closedlost,Closed Lost,default,Expansion,Inbound - Demo Request,Dana Whitfield,2025-02-08 17:30:00,2025-03-30 15:30:00,true,false,2025-02-08 17:30:00,2025-02-18 01:30:00,2025-03-05 06:30:00,2025-03-09 07:30:00,2025-03-15 08:30:00,,2025-03-30 15:30:00,2025-03-30 15:30:00
6100002444,Ember Financial - New Business,11000,qualifiedtobuy,Qualified To Buy,default,New Business,Event,Kenji Watanabe,2026-05-01 10:30:00,2026-09-17 00:00:00,false,false,2026-05-01 10:30:00,2026-05-05 10:30:00,,,,,,2026-05-05 10:30:00
6100002450,Oakhurst Foods - New Business,65750,presentationscheduled,Presentation Scheduled,default,New Business,Inbound - Content,Priya Raghunathan,2026-03-14 12:00:00,2026-04-19 00:00:00,false,false,2026-03-14 12:00:00,2026-04-26 00:00:00,2026-05-24 10:00:00,,,,,2026-05-24 10:00:00
6100002459,Copperline Energy - New Business,142750,closedlost,Closed Lost,default,New Business,Event,Priya Raghunathan,2025-08-20 09:30:00,2025-10-15 14:30:00,true,false,2025-08-20 09:30:00,2025-08-25 18:30:00,2025-09-07 02:30:00,2025-08-31 07:30:00,2025-09-21 19:30:00,,2025-10-15 14:30:00,2025-10-15 14:30:00
6100002466,Granite Peak Insurance - Expansion,49750,closedwon,Closed Won,default,Expansion,Inbound - Content,Alicia Ferreira,2025-04-18 18:15:00,2025-07-02 12:15:00,true,true,2025-04-18 18:15:00,2025-04-23 19:15:00,2025-05-09 09:15:00,2025-05-26 16:15:00,2025-06-14 22:15:00,2025-07-02 12:15:00,,2025-07-02 12:15:00
6100002471,Dovetail HR - Expansion,5750,closedlost,Closed Lost,default,Expansion,Outbound - SDR,Dana Whitfield,2026-03-16 18:45:00,2026-04-05 06:45:00,true,false,2026-03-16 18:45:00,,2026-03-21 09:45:00,2026-03-25 06:45:00,2026-03-28 14:45:00,,2026-04-05 06:45:00,2026-04-05 06:45:00
6100002480,Tessellate - New Business,113000,presentationscheduled,Presentation Scheduled,default,New Business,Inbound - Partner Referral,Marcus Oyelaran,2026-05-23 18:00:00,2026-09-16 00:00:00,false,false,2026-05-23 18:00:00,,2026-06-03 08:00:00,,,,,2026-06-03 08:00:00
6100002487,Lumen Diagnostics - New Business,69000,closedlost,Closed Lost,default,New Business,Inbound - Content,Marcus Oyelaran,2025-06-20 16:30:00,2025-06-21 12:30:00,true,false,2025-06-20 16:30:00,2025-06-20 17:30:00,2025-06-20 22:30:00,2025-06-21 02:30:00,2025-06-21 07:30:00,,2025-06-21 12:30:00,2025-06-21 12:30:00
6100002495,Quarry Digital - Renewal,17250,closedlost,Closed Lost,default,Renewal,Outbound - SDR,Dana Whitfield,2026-07-24 08:45:00,2026-09-01 01:45:00,true,false,2026-07-24 08:45:00,,2026-07-26 20:45:00,2026-08-04 20:45:00,2026-08-15 21:45:00,,2026-09-01 01:45:00,2026-09-01 01:45:00
6100002502,Arclight Systems - Renewal,169250,closedlost,Closed Lost,default,Renewal,Inbound - Content,Alicia Ferreira,2025-12-28 09:45:00,2026-03-17 02:45:00,true,false,2025-12-28 09:45:00,2026-02-02 08:45:00,2026-01-12 13:45:00,2026-02-17 22:45:00,2026-02-24 05:45:00,,2026-03-17 02:45:00,2026-03-17 02:45:00
6100002509,Cinder Interactive - New Business,109250,qualifiedtobuy,Qualified To Buy,default,New Business,Inbound - Demo Request,Dana Whitfield,2026-06-26 15:00:00,2026-10-06 00:00:00,false,false,2026-06-26 15:00:00,2026-07-01 12:00:00,,,,,,2026-07-01 12:00:00
6100002514,Meridian Freight - New Business,43750,closedlost,Closed Lost,default,New Business,Inbound - Content,Kenji Watanabe,2025-05-20 13:30:00,2025-07-27 18:30:00,true,false,2025-05-20 13:30:00,2025-05-29 17:30:00,2025-06-03 15:30:00,2025-06-21 09:30:00,2025-07-08 16:30:00,,2025-07-27 18:30:00,2025-07-27 18:30:00
6100002520,Alder Creek Brewing - New Business,108000,closedlost,Closed Lost,default,New Business,Inbound - Demo Request,Alicia Ferreira,2025-02-07 17:30:00,2025-03-12 14:30:00,true,false,2025-02-07 17:30:00,,2025-02-21 07:30:00,2025-02-24 18:30:00,2025-02-27 08:30:00,,2025-03-12 14:30:00,2025-03-12 14:30:00
6100002529,Quarry Digital - Expansion,25250,decisionmakerboughtin,Decision Maker Bought-In,default,Expansion,Inbound - Content,Priya Raghunathan,2025-12-23 11:00:00,2026-09-22 00:00:00,false,false,2025-12-23 11:00:00,2026-01-12 22:00:00,2026-02-01 11:00:00,2026-02-11 02:00:00,,,,2026-02-11 02:00:00
6100002535,Oakhurst Foods - Expansion,7500,closedlost,Closed Lost,default,Expansion,Event,Alicia Ferreira,2025-05-18 09:00:00,2025-05-18 21:00:00,true,false,2025-05-18 09:00:00,2025-05-18 14:00:00,2025-05-18 15:00:00,2025-05-18 17:00:00,2025-05-18 19:00:00,,2025-05-18 21:00:00,2025-05-18 21:00:00
6100002543,Ferrous Labs - New Business,91500,appointmentscheduled,Appointment Scheduled,default,New Business,Outbound - Founder,Tom Bergstrom,2025-12-22 11:45:00,2026-12-05 00:00:00,false,false,2025-12-22 11:45:00,,,,,,,2025-12-22 11:45:00
6100002548,Arclight Systems - New Business,89750,presentationscheduled,Presentation Scheduled,default,New Business,Outbound - SDR,Priya Raghunathan,2025-09-12 18:15:00,2026-05-21 00:00:00,false,false,2025-09-12 18:15:00,2025-10-11 04:15:00,2025-12-02 06:15:00,,,,,2025-12-02 06:15:00
6100002557,Yarrow Nutrition - New Business,65250,closedwon,Closed Won,default,New Business,Inbound - Partner Referral,Dana Whitfield,2025-04-02 08:45:00,2025-06-08 18:45:00,true,true,2025-04-02 08:45:00,,2025-04-18 00:45:00,2025-05-07 05:45:00,2025-05-18 01:45:00,2025-06-08 18:45:00,,2025-06-08 18:45:00
6100002563,Pinnacle Staffing - Renewal,80500,closedwon,Closed Won,default,Renewal,Inbound - Content,Dana Whitfield,2026-05-20 08:00:00,2026-08-05 00:00:00,true,true,2026-05-20 08:00:00,2026-05-26 17:00:00,2026-06-12 15:00:00,2026-06-24 23:00:00,2026-07-09 23:00:00,2026-08-05 00:00:00,,2026-08-05 00:00:00
6100002569,Northwind Logistics - New Business,87500,closedwon,Closed Won,default,New Business,Outbound - Founder,Priya Raghunathan,2025-03-16 13:00:00,2025-05-30 04:00:00,true,true,2025-03-16 13:00:00,2025-04-24 14:00:00,2025-04-15 10:00:00,2025-03-27 05:00:00,2025-05-05 12:00:00,2025-05-30 04:00:00,,2025-05-30 04:00:00
6100002577,Granite Peak Insurance - New Business,42750,closedwon,Closed Won,default,New Business,Inbound - Demo Request,Dana Whitfield,2025-01-18 13:30:00,2025-03-16 19:30:00,true,true,2025-01-18 13:30:00,2025-02-06 06:30:00,2025-02-23 18:30:00,2025-03-03 04:30:00,2025-03-12 01:30:00,2025-03-16 19:30:00,,2025-03-16 19:30:00
6100002585,Dunmore Textiles - New Business,26500,closedwon,Closed Won,default,New Business,Event,Priya Raghunathan,2026-02-20 14:00:00,2026-05-17 11:00:00,true,true,2026-02-20 14:00:00,2026-03-13 13:00:00,2026-04-02 15:00:00,2026-03-28 14:00:00,2026-04-18 17:00:00,2026-05-17 11:00:00,,2026-05-17 11:00:00
6100002590,Solvent Bio - Expansion,27250,closedlost,Closed Lost,default,Expansion,Inbound - Demo Request,Tom Bergstrom,2026-02-24 17:30:00,2026-04-24 15:30:00,true,false,2026-02-24 17:30:00,2026-03-12 14:30:00,2026-03-23 03:30:00,2026-03-28 12:30:00,2026-03-31 13:30:00,,2026-04-24 15:30:00,2026-04-24 15:30:00
6100002599,Brightpath Health - New Business,32000,closedlost,Closed Lost,default,New Business,Inbound - Partner Referral,Priya Raghunathan,2025-03-08 09:00:00,2025-05-03 03:00:00,true,false,2025-03-08 09:00:00,,2025-03-28 09:00:00,2025-04-12 16:00:00,2025-04-28 18:00:00,,2025-05-03 03:00:00,2025-05-03 03:00:00
6100002606,Tessellate - New Business,,closedwon,Closed Won,default,New Business,Inbound - Demo Request,Alicia Ferreira,2026-06-13 14:00:00,2026-08-09 14:00:00,true,true,2026-06-13 14:00:00,,2026-07-01 05:00:00,2026-07-12 13:00:00,2026-08-01 07:00:00,2026-08-09 14:00:00,,2026-08-09 14:00:00
6100002614,Halcyon Devices - New Business,83500,closedwon,Closed Won,default,New Business,Outbound - Founder,Tom Bergstrom,2026-07-12 15:30:00,2026-08-02 22:30:00,true,true,,,,2026-07-12 15:30:00,2026-07-17 11:30:00,2026-08-02 22:30:00,,2026-08-02 22:30:00
6100002621,Redwood Telecom - New Business,48250,closedlost,Closed Lost,default,New Business,Outbound - SDR,Marcus Oyelaran,2025-06-05 16:30:00,2025-07-09 22:30:00,true,false,2025-06-05 16:30:00,,2025-06-07 20:30:00,2025-06-11 11:30:00,2025-06-22 16:30:00,,2025-07-09 22:30:00,2025-07-09 22:30:00
6100002627,Marlowe Legal - New Business,82250,closedlost,Closed Lost,default,New Business,Inbound - Partner Referral,Kenji Watanabe,2025-08-13 17:15:00,2025-09-21 13:15:00,true,false,2025-08-13 17:15:00,,2025-08-25 05:15:00,2025-09-03 23:15:00,2025-09-09 08:15:00,,2025-09-21 13:15:00,2025-09-21 13:15:00
6100002632,Pinnacle Staffing - Renewal,89500,closedwon,Closed Won,default,Renewal,Inbound - Demo Request,Marcus Oyelaran,2026-03-29 10:45:00,2026-06-04 12:45:00,true,true,2026-03-29 10:45:00,2026-04-15 13:45:00,2026-04-22 09:45:00,2026-04-27 05:45:00,2026-05-09 15:45:00,2026-06-04 12:45:00,,2026-06-04 12:45:00
6100002642,Xylem Networks - New Business,44250,closedlost,Closed Lost,default,New Business,Inbound - Partner Referral,Dana Whitfield,2025-03-14 09:00:00,2025-04-24 23:00:00,true,false,2025-03-14 09:00:00,2025-02-14 09:00:00,2025-03-27 20:00:00,2025-04-16 16:00:00,2025-04-21 21:00:00,,2025-04-24 23:00:00,2025-04-24 23:00:00
6100002647,Granite Peak Insurance - New Business,78000,closedwon,Closed Won,default,New Business,Inbound - Partner Referral,Marcus Oyelaran,2025-01-23 18:15:00,2025-03-11 19:15:00,true,true,2025-01-23 18:15:00,2025-02-01 16:15:00,2025-02-21 04:15:00,2025-02-24 01:15:00,2025-03-08 07:15:00,2025-03-11 19:15:00,,2025-03-11 19:15:00
6100002653,Ferrous Labs - New Business,133000,contractsent,Contract Sent,default,New Business,Inbound - Demo Request,Alicia Ferreira,2026-08-12 08:30:00,2026-11-07 00:00:00,false,false,,,,2026-08-12 08:30:00,2026-08-25 12:30:00,,,2026-08-25 12:30:00
6100002660,Oakhurst Foods - Expansion,35750,contractsent,Contract Sent,default,Expansion,Inbound - Demo Request,Tom Bergstrom,2025-01-25 18:00:00,2026-10-18 00:00:00,false,false,,,,2025-01-25 18:00:00,2025-02-12 19:00:00,,,2025-02-12 19:00:00
6100002668,Alder Creek Brewing - Renewal,162750,closedwon,Closed Won,default,Renewal,Inbound - Partner Referral,Dana Whitfield,2025-02-18 10:45:00,2025-03-21 02:45:00,true,true,2025-02-18 10:45:00,,2025-02-24 02:45:00,2025-03-09 00:45:00,2025-03-15 06:45:00,2025-03-21 02:45:00,,2025-03-21 02:45:00
6100002677,Ember Financial - Expansion,41000,closedlost,Closed Lost,default,Expansion,Inbound - Demo Request,Dana Whitfield,2026-03-21 14:15:00,2026-05-30 01:15:00,true,false,2026-03-21 14:15:00,2026-04-02 09:15:00,2026-04-12 22:15:00,2026-04-26 05:15:00,2026-05-04 13:15:00,,2026-05-30 01:15:00,2026-05-30 01:15:00
6100002683,Alder Creek Brewing - New Business,63000,closedlost,Closed Lost,default,New Business,Outbound - SDR,Tom Bergstrom,2025-09-04 17:00:00,2025-11-05 14:00:00,true,false,2025-09-04 17:00:00,2025-09-19 10:00:00,2025-10-07 17:00:00,2025-10-24 03:00:00,2025-10-29 22:00:00,,2025-11-05 14:00:00,2025-11-05 14:00:00
6100002691,Foxglove Design - Expansion,36750,closedlost,Closed Lost,default,Expansion,Inbound - Content,Priya Raghunathan,2025-03-22 16:45:00,2025-05-28 04:45:00,true,false,2025-03-22 16:45:00,2025-04-04 18:45:00,2025-04-09 21:45:00,2025-04-30 06:45:00,2025-05-02 10:45:00,,2025-05-28 04:45:00,2025-05-28 04:45:00
6100002696,Solvent Bio - Renewal,85500,qualifiedtobuy,Qualified To Buy,default,Renewal,Inbound - Demo Request,Dana Whitfield,2026-08-06 17:30:00,2026-11-28 00:00:00,false,false,2026-08-06 17:30:00,2026-08-21 10:30:00,,,,,,2026-08-21 10:30:00
6100002705,Dovetail HR - New Business,61500,closedlost,Closed Lost,default,New Business,Inbound - Demo Request,Marcus Oyelaran,2026-02-23 18:15:00,2026-04-14 22:15:00,true,false,2026-02-23 18:15:00,2026-03-04 11:15:00,2026-03-07 05:15:00,2026-03-13 23:15:00,2026-03-17 08:15:00,,2026-04-14 22:15:00,2026-04-14 22:15:00
6100002711,Zephyr Aviation - New Business,144500,qualifiedtobuy,Qualified To Buy,default,New Business,Inbound - Partner Referral,Kenji Watanabe,2025-01-09 10:30:00,2026-07-11 00:00:00,false,false,2025-01-09 10:30:00,2025-02-23 00:30:00,,,,,,2025-02-23 00:30:00
6100002717,Blackstone Tooling - New Business,52750,closedlost,Closed Lost,default,New Business,Inbound - Demo Request,Alicia Ferreira,2025-09-23 17:45:00,2025-11-27 16:45:00,true,false,2025-09-23 17:45:00,2025-10-04 23:45:00,2025-10-13 20:45:00,2025-10-25 11:45:00,2025-11-01 18:45:00,,2025-11-27 16:45:00,2025-11-27 16:45:00
